window_start,window_time
400,2015-06-02 06:36:00
406,2015-06-02 07:36:00
412,2015-06-02 08:36:00
418,2015-06-02 09:36:00
424,2015-06-02 10:36:00
430,2015-06-02 11:36:00
436,2015-06-02 12:36:00
442,2015-06-02 13:36:00
448,2015-06-02 14:36:00
454,2015-06-02 15:36:00
460,2015-06-02 16:36:00
466,2015-06-02 17:36:00
472,2015-06-02 18:36:00
478,2015-06-02 19:36:00
484,2015-06-02 20:36:00
490,2015-06-02 21:36:00
496,2015-06-02 22:36:00
502,2015-06-02 23:36:00
508,2015-06-03 00:36:00
514,2015-06-03 01:36:00
520,2015-06-03 02:36:00
526,2015-06-03 03:36:00
532,2015-06-03 04:36:00
538,2015-06-03 05:36:00
544,2015-06-03 06:36:00
550,2015-06-03 07:36:00
556,2015-06-03 08:36:00
562,2015-06-03 09:36:00
568,2015-06-03 10:36:00
574,2015-06-03 11:36:00
580,2015-06-03 12:36:00
586,2015-06-03 13:36:00
592,2015-06-03 14:36:00
598,2015-06-03 15:36:00
604,2015-06-03 16:36:00
610,2015-06-03 17:36:00
616,2015-06-03 18:36:00
622,2015-06-03 19:36:00
628,2015-06-03 20:36:00
634,2015-06-03 21:36:00
640,2015-06-03 22:36:00
646,2015-06-03 23:36:00
652,2015-06-04 00:36:00
658,2015-06-04 01:36:00
664,2015-06-04 02:36:00
670,2015-06-04 03:36:00
676,2015-06-04 04:36:00
682,2015-06-04 05:36:00
688,2015-06-04 06:36:00
694,2015-06-04 07:36:00
700,2015-06-04 08:36:00
706,2015-06-04 09:36:00
712,2015-06-04 10:36:00
718,2015-06-04 11:36:00
724,2015-06-04 12:36:00
730,2015-06-04 13:36:00
736,2015-06-04 14:36:00
742,2015-06-04 15:36:00
748,2015-06-04 16:36:00
754,2015-06-04 17:36:00
760,2015-06-04 18:36:00
766,2015-06-04 19:36:00
772,2015-06-04 20:36:00
778,2015-06-04 21:36:00
784,2015-06-04 22:36:00
790,2015-06-04 23:36:00
796,2015-06-05 00:36:00
802,2015-06-05 01:36:00
808,2015-06-05 02:36:00
814,2015-06-05 03:36:00
820,2015-06-05 04:36:00
826,2015-06-05 05:36:00
832,2015-06-05 06:36:00
838,2015-06-05 07:36:00
844,2015-06-05 08:36:00
850,2015-06-05 09:36:00
856,2015-06-05 10:36:00
862,2015-06-05 11:36:00
868,2015-06-05 12:36:00
874,2015-06-05 13:36:00
880,2015-06-05 14:36:00
886,2015-06-05 15:36:00
892,2015-06-05 16:36:00
898,2015-06-05 17:36:00
904,2015-06-05 18:36:00
910,2015-06-05 19:36:00
916,2015-06-05 20:36:00
922,2015-06-05 21:36:00
928,2015-06-05 22:36:00
934,2015-06-05 23:36:00
940,2015-06-06 00:36:00
946,2015-06-06 01:36:00
952,2015-06-06 02:36:00
958,2015-06-06 03:36:00
964,2015-06-06 04:36:00
970,2015-06-06 05:36:00
976,2015-06-06 06:36:00
982,2015-06-06 07:36:00
988,2015-06-06 08:36:00
994,2015-06-06 09:36:00
1000,2015-06-06 10:36:00
1006,2015-06-06 11:36:00
1012,2015-06-06 12:36:00
1018,2015-06-06 13:36:00
1024,2015-06-06 14:36:00
1030,2015-06-06 15:36:00
1036,2015-06-06 16:36:00
1042,2015-06-06 17:36:00
1048,2015-06-06 18:36:00
1054,2015-06-06 19:36:00
1060,2015-06-06 20:36:00
1066,2015-06-06 21:36:00
1072,2015-06-06 22:36:00
1078,2015-06-06 23:36:00
1084,2015-06-07 00:36:00
1090,2015-06-07 01:36:00
1096,2015-06-07 02:36:00
1102,2015-06-07 03:36:00
1108,2015-06-07 04:36:00
1114,2015-06-07 05:36:00
1120,2015-06-07 06:36:00
1126,2015-06-07 07:36:00
1132,2015-06-07 08:36:00
1138,2015-06-07 09:36:00
1144,2015-06-07 10:36:00
1150,2015-06-07 11:36:00
1156,2015-06-07 12:36:00
1162,2015-06-07 13:36:00
1168,2015-06-07 14:36:00
1174,2015-06-07 15:36:00
1180,2015-06-07 16:36:00
1186,2015-06-07 17:36:00
1192,2015-06-07 18:36:00
1198,2015-06-07 19:36:00
1204,2015-06-07 20:36:00
1210,2015-06-07 21:36:00
1216,2015-06-07 22:36:00
1222,2015-06-07 23:36:00
1228,2015-06-08 00:36:00
1234,2015-06-08 01:36:00
1240,2015-06-08 02:36:00
1246,2015-06-08 03:36:00
1252,2015-06-08 04:36:00
1258,2015-06-08 05:36:00
1264,2015-06-08 06:36:00
1270,2015-06-08 07:36:00
1276,2015-06-08 08:36:00
1282,2015-06-08 09:36:00
1288,2015-06-08 10:36:00
1294,2015-06-08 11:36:00
1300,2015-06-08 12:36:00
1306,2015-06-08 13:36:00
1312,2015-06-08 14:36:00
1318,2015-06-08 15:36:00
1324,2015-06-08 16:36:00
1330,2015-06-08 17:36:00
1336,2015-06-08 18:36:00
1342,2015-06-08 19:36:00
1348,2015-06-08 20:36:00
1354,2015-06-08 21:36:00
1360,2015-06-08 22:36:00
1366,2015-06-08 23:36:00
1372,2015-06-09 00:36:00
1378,2015-06-09 01:36:00
1384,2015-06-09 02:36:00
1390,2015-06-09 03:36:00
1396,2015-06-09 04:36:00
1402,2015-06-09 05:36:00
1408,2015-06-09 06:36:00
1414,2015-06-09 07:36:00
1420,2015-06-09 08:36:00
1426,2015-06-09 09:36:00
1432,2015-06-09 10:36:00
1438,2015-06-09 11:36:00
1444,2015-06-09 12:36:00
1450,2015-06-09 13:36:00
1456,2015-06-09 14:36:00
1462,2015-06-09 15:36:00
1468,2015-06-09 16:36:00
1474,2015-06-09 17:36:00
1480,2015-06-09 18:36:00
1486,2015-06-09 19:36:00
1492,2015-06-09 20:36:00
1498,2015-06-09 21:36:00
1504,2015-06-09 22:36:00
1510,2015-06-09 23:36:00
1516,2015-06-10 00:36:00
1522,2015-06-10 01:36:00
1528,2015-06-10 02:36:00
1534,2015-06-10 03:36:00
1540,2015-06-10 04:36:00
1546,2015-06-10 05:36:00
1552,2015-06-10 06:36:00
1558,2015-06-10 07:36:00
1564,2015-06-10 08:36:00
1570,2015-06-10 09:36:00
1576,2015-06-10 10:36:00
1582,2015-06-10 11:36:00
1588,2015-06-10 12:36:00
1594,2015-06-10 13:36:00
1600,2015-06-10 14:36:00
1606,2015-06-10 15:36:00
1612,2015-06-10 16:36:00
1618,2015-06-10 17:36:00
1624,2015-06-10 18:36:00
1630,2015-06-10 19:36:00
1636,2015-06-10 20:36:00
1642,2015-06-10 21:36:00
1648,2015-06-10 22:36:00
1654,2015-06-10 23:36:00
1660,2015-06-11 00:36:00
1666,2015-06-11 01:36:00
1672,2015-06-11 02:36:00
1678,2015-06-11 03:36:00
1684,2015-06-11 04:36:00
1690,2015-06-11 05:36:00
1696,2015-06-11 06:36:00
1702,2015-06-11 07:36:00
1708,2015-06-11 08:36:00
1714,2015-06-11 09:36:00
1720,2015-06-11 10:36:00
1726,2015-06-11 11:36:00
1732,2015-06-11 12:36:00
1738,2015-06-11 13:36:00
1744,2015-06-11 14:36:00
1750,2015-06-11 15:36:00
1756,2015-06-11 16:36:00
1762,2015-06-11 17:36:00
1768,2015-06-11 18:36:00
1774,2015-06-11 19:36:00
1780,2015-06-11 20:36:00
1786,2015-06-11 21:36:00
1792,2015-06-11 22:36:00
1798,2015-06-11 23:36:00
1804,2015-06-12 00:36:00
1810,2015-06-12 01:36:00
1816,2015-06-12 02:36:00
1822,2015-06-12 03:36:00
1828,2015-06-12 04:36:00
1834,2015-06-12 05:36:00
1840,2015-06-12 06:36:00
1846,2015-06-12 07:36:00
1852,2015-06-12 08:36:00
1858,2015-06-12 09:36:00
1864,2015-06-12 10:36:00
1870,2015-06-12 11:36:00
1876,2015-06-12 12:36:00
1882,2015-06-12 13:36:00
1888,2015-06-12 14:36:00
1894,2015-06-12 15:36:00
1900,2015-06-12 16:36:00
1906,2015-06-12 17:36:00
1912,2015-06-12 18:36:00
1918,2015-06-12 19:36:00
1924,2015-06-12 20:36:00
1930,2015-06-12 21:36:00
1936,2015-06-12 22:36:00
1942,2015-06-12 23:36:00
1948,2015-06-13 00:36:00
1954,2015-06-13 01:36:00
1960,2015-06-13 02:36:00
1966,2015-06-13 03:36:00
1972,2015-06-13 04:36:00
1978,2015-06-13 05:36:00
1984,2015-06-13 06:36:00
1990,2015-06-13 07:36:00
1996,2015-06-13 08:36:00
2002,2015-06-13 09:36:00
2008,2015-06-13 10:36:00
2014,2015-06-13 11:36:00
2020,2015-06-13 12:36:00
2026,2015-06-13 13:36:00
2032,2015-06-13 14:36:00
2038,2015-06-13 15:36:00
2044,2015-06-13 16:36:00
2050,2015-06-13 17:36:00
2056,2015-06-13 18:36:00
2062,2015-06-13 19:36:00
2068,2015-06-13 20:36:00
2074,2015-06-13 21:36:00
2080,2015-06-13 22:36:00
2086,2015-06-13 23:36:00
2092,2015-06-14 00:36:00
2098,2015-06-14 01:36:00
2104,2015-06-14 02:36:00
2110,2015-06-14 03:36:00
2116,2015-06-14 04:36:00
2122,2015-06-14 05:36:00
2128,2015-06-14 06:36:00
2134,2015-06-14 07:36:00
2140,2015-06-14 08:36:00
2146,2015-06-14 09:36:00
2152,2015-06-14 10:36:00
2158,2015-06-14 11:36:00
2164,2015-06-14 12:36:00
2170,2015-06-14 13:36:00
2176,2015-06-14 14:36:00
2182,2015-06-14 15:36:00
2188,2015-06-14 16:36:00
2194,2015-06-14 17:36:00
2200,2015-06-14 18:36:00
2206,2015-06-14 19:36:00
2212,2015-06-14 20:36:00
2218,2015-06-14 21:36:00
2224,2015-06-14 22:36:00
2230,2015-06-14 23:36:00
2236,2015-06-15 00:36:00
2242,2015-06-15 01:36:00
2248,2015-06-15 02:36:00
2254,2015-06-15 03:36:00
2260,2015-06-15 04:36:00
2266,2015-06-15 05:36:00
2272,2015-06-15 06:36:00
2278,2015-06-15 07:36:00
2284,2015-06-15 08:36:00
2290,2015-06-15 09:36:00
2296,2015-06-15 10:36:00
2302,2015-06-15 11:36:00
2308,2015-06-15 12:36:00
2314,2015-06-15 13:36:00
2320,2015-06-15 14:36:00
2326,2015-06-15 15:36:00
2332,2015-06-15 16:36:00
2338,2015-06-15 17:36:00
2344,2015-06-15 18:36:00
2350,2015-06-15 19:36:00
2356,2015-06-15 20:36:00
2362,2015-06-15 21:36:00
2368,2015-06-15 22:36:00
2374,2015-06-15 23:36:00
2380,2015-06-16 00:36:00
2386,2015-06-16 01:36:00
2392,2015-06-16 02:36:00
2398,2015-06-16 03:36:00
2404,2015-06-16 04:36:00
2410,2015-06-16 05:36:00
2416,2015-06-16 06:36:00
2422,2015-06-16 07:36:00
2428,2015-06-16 08:36:00
2434,2015-06-16 09:36:00
2440,2015-06-16 10:36:00
2446,2015-06-16 11:36:00
2452,2015-06-16 12:36:00
2458,2015-06-16 13:36:00
2464,2015-06-16 14:36:00
2470,2015-06-16 15:36:00
2476,2015-06-16 16:36:00
2482,2015-06-16 17:36:00
2488,2015-06-16 18:36:00
2494,2015-06-16 19:36:00
2500,2015-06-16 20:36:00
2506,2015-06-16 21:36:00
2512,2015-06-16 22:36:00
2518,2015-06-16 23:36:00
2524,2015-06-17 00:36:00
2530,2015-06-17 01:36:00
2536,2015-06-17 02:36:00
2542,2015-06-17 03:36:00
2548,2015-06-17 04:36:00
2554,2015-06-17 05:36:00
2560,2015-06-17 06:36:00
2566,2015-06-17 07:36:00
2572,2015-06-17 08:36:00
2578,2015-06-17 09:36:00
2584,2015-06-17 10:36:00
2590,2015-06-17 11:36:00
2596,2015-06-17 12:36:00
2602,2015-06-17 13:36:00
2608,2015-06-17 14:36:00
2614,2015-06-17 15:36:00
2620,2015-06-17 16:36:00
2626,2015-06-17 17:36:00
2632,2015-06-17 18:36:00
2638,2015-06-17 19:36:00
2644,2015-06-17 20:36:00
2650,2015-06-17 21:36:00
2656,2015-06-17 22:36:00
2662,2015-06-17 23:36:00
2668,2015-06-18 00:36:00
2674,2015-06-18 01:36:00
2680,2015-06-18 02:36:00
2686,2015-06-18 03:36:00
2692,2015-06-18 04:36:00
2698,2015-06-18 05:36:00
2704,2015-06-18 06:36:00
2710,2015-06-18 07:36:00
2716,2015-06-18 08:36:00
2722,2015-06-18 09:36:00
2728,2015-06-18 10:36:00
2734,2015-06-18 11:36:00
2740,2015-06-18 12:36:00
2746,2015-06-18 13:36:00
2752,2015-06-18 14:36:00
2758,2015-06-18 15:36:00
2764,2015-06-18 16:36:00
2770,2015-06-18 17:36:00
2776,2015-06-18 18:36:00
2782,2015-06-18 19:36:00
2788,2015-06-18 20:36:00
2794,2015-06-18 21:36:00
2800,2015-06-18 22:36:00
2806,2015-06-18 23:36:00
2812,2015-06-19 00:36:00
2818,2015-06-19 01:36:00
2824,2015-06-19 02:36:00
2830,2015-06-19 03:36:00
2836,2015-06-19 04:36:00
2842,2015-06-19 05:36:00
2848,2015-06-19 06:36:00
2854,2015-06-19 07:36:00
2860,2015-06-19 08:36:00
2866,2015-06-19 09:36:00
2872,2015-06-19 10:36:00
2878,2015-06-19 11:36:00
2884,2015-06-19 12:36:00
2890,2015-06-19 13:36:00
2896,2015-06-19 14:36:00
2902,2015-06-19 15:36:00
2908,2015-06-19 16:36:00
2914,2015-06-19 17:36:00
2920,2015-06-19 18:36:00
2926,2015-06-19 19:36:00
2932,2015-06-19 20:36:00
2938,2015-06-19 21:36:00
2944,2015-06-19 22:36:00
2950,2015-06-19 23:36:00
2956,2015-06-20 00:36:00
2962,2015-06-20 01:36:00
2968,2015-06-20 02:36:00
2974,2015-06-20 03:36:00
2980,2015-06-20 04:36:00
2986,2015-06-20 05:36:00
2992,2015-06-20 06:36:00
2998,2015-06-20 07:36:00
3004,2015-06-20 08:36:00
3010,2015-06-20 09:36:00
3016,2015-06-20 10:36:00
3022,2015-06-20 11:36:00
3028,2015-06-20 12:36:00
3034,2015-06-20 13:36:00
3040,2015-06-20 14:36:00
3046,2015-06-20 15:36:00
3052,2015-06-20 16:36:00
3058,2015-06-20 17:36:00
3064,2015-06-20 18:36:00
3070,2015-06-20 19:36:00
3076,2015-06-20 20:36:00
3082,2015-06-20 21:36:00
3088,2015-06-20 22:36:00
3094,2015-06-20 23:36:00
3100,2015-06-21 00:36:00
3106,2015-06-21 01:36:00
3112,2015-06-21 02:36:00
3118,2015-06-21 03:36:00
3124,2015-06-21 04:36:00
3130,2015-06-21 05:36:00
3136,2015-06-21 06:36:00
3142,2015-06-21 07:36:00
3148,2015-06-21 08:36:00
3154,2015-06-21 09:36:00
3160,2015-06-21 10:36:00
3166,2015-06-21 11:36:00
3172,2015-06-21 12:36:00
3178,2015-06-21 13:36:00
3184,2015-06-21 14:36:00
3190,2015-06-21 15:36:00
3196,2015-06-21 16:36:00
3202,2015-06-21 17:36:00
3208,2015-06-21 18:36:00
3214,2015-06-21 19:36:00
3220,2015-06-21 20:36:00
3226,2015-06-21 21:36:00
3232,2015-06-21 22:36:00
3238,2015-06-21 23:36:00
3244,2015-06-22 00:36:00
3250,2015-06-22 01:36:00
3256,2015-06-22 02:36:00
3262,2015-06-22 03:36:00
3268,2015-06-22 04:36:00
3274,2015-06-22 05:36:00
3280,2015-06-22 06:36:00
3286,2015-06-22 07:36:00
3292,2015-06-22 08:36:00
3298,2015-06-22 09:36:00
3304,2015-06-22 10:36:00
3310,2015-06-22 11:36:00
3316,2015-06-22 12:36:00
3322,2015-06-22 13:36:00
3328,2015-06-22 14:36:00
3334,2015-06-22 15:36:00
3340,2015-06-22 16:36:00
3346,2015-06-22 17:36:00
3352,2015-06-22 18:36:00
3358,2015-06-22 19:36:00
3364,2015-06-22 20:36:00
3370,2015-06-22 21:36:00
3376,2015-06-22 22:36:00
3382,2015-06-22 23:36:00
3388,2015-06-23 00:36:00
3394,2015-06-23 01:36:00
3400,2015-06-23 02:36:00
3406,2015-06-23 03:36:00
3412,2015-06-23 04:36:00
3418,2015-06-23 05:36:00
3424,2015-06-23 06:36:00
3430,2015-06-23 07:36:00
3436,2015-06-23 08:36:00
3442,2015-06-23 09:36:00
3448,2015-06-23 10:36:00
3454,2015-06-23 11:36:00
3460,2015-06-23 12:36:00
3466,2015-06-23 13:36:00
3472,2015-06-23 14:36:00
3478,2015-06-23 15:36:00
3484,2015-06-23 16:36:00
3490,2015-06-23 17:36:00
3496,2015-06-23 18:36:00
3502,2015-06-23 19:36:00
3508,2015-06-23 20:36:00
3514,2015-06-23 21:36:00
3520,2015-06-23 22:36:00
3526,2015-06-23 23:36:00
3532,2015-06-24 00:36:00
3538,2015-06-24 01:36:00
3544,2015-06-24 02:36:00
3550,2015-06-24 03:36:00
3556,2015-06-24 04:36:00
3562,2015-06-24 05:36:00
3568,2015-06-24 06:36:00
3574,2015-06-24 07:36:00
3580,2015-06-24 08:36:00
3586,2015-06-24 09:36:00
3592,2015-06-24 10:36:00
3598,2015-06-24 11:36:00
3604,2015-06-24 12:36:00
3610,2015-06-24 13:36:00
3616,2015-06-24 14:36:00
3622,2015-06-24 15:36:00
3628,2015-06-24 16:36:00
3634,2015-06-24 17:36:00
3640,2015-06-24 18:36:00
3646,2015-06-24 19:36:00
3652,2015-06-24 20:36:00
3658,2015-06-24 21:36:00
3664,2015-06-24 22:36:00
3670,2015-06-24 23:36:00
3676,2015-06-25 00:36:00
3682,2015-06-25 01:36:00
3688,2015-06-25 02:36:00
3694,2015-06-25 03:36:00
3700,2015-06-25 04:36:00
3706,2015-06-25 05:36:00
3712,2015-06-25 06:36:00
3718,2015-06-25 07:36:00
3724,2015-06-25 08:36:00
3730,2015-06-25 09:36:00
3736,2015-06-25 10:36:00
3742,2015-06-25 11:36:00
3748,2015-06-25 12:36:00
3754,2015-06-25 13:36:00
3760,2015-06-25 14:36:00
3766,2015-06-25 15:36:00
3772,2015-06-25 16:36:00
3778,2015-06-25 17:36:00
3784,2015-06-25 18:36:00
3790,2015-06-25 19:36:00
3796,2015-06-25 20:36:00
3802,2015-06-25 21:36:00
3808,2015-06-25 22:36:00
3814,2015-06-25 23:36:00
3820,2015-06-26 00:36:00
3826,2015-06-26 01:36:00
3832,2015-06-26 02:36:00
3838,2015-06-26 03:36:00
3844,2015-06-26 04:36:00
3850,2015-06-26 05:36:00
3856,2015-06-26 06:36:00
3862,2015-06-26 07:36:00
3868,2015-06-26 08:36:00
3874,2015-06-26 09:36:00
3880,2015-06-26 10:36:00
3886,2015-06-26 11:36:00
3892,2015-06-26 12:36:00
3898,2015-06-26 13:36:00
3904,2015-06-26 14:36:00
3910,2015-06-26 15:36:00
3916,2015-06-26 16:36:00
3922,2015-06-26 17:36:00
3928,2015-06-26 18:36:00
3934,2015-06-26 19:36:00
3940,2015-06-26 20:36:00
3946,2015-06-26 21:36:00
3952,2015-06-26 22:36:00
3958,2015-06-26 23:36:00
3964,2015-06-27 00:36:00
3970,2015-06-27 01:36:00
3976,2015-06-27 02:36:00
3982,2015-06-27 03:36:00
3988,2015-06-27 04:36:00
3994,2015-06-27 05:36:00
4000,2015-06-27 06:36:00
4006,2015-06-27 07:36:00
4012,2015-06-27 08:36:00
4018,2015-06-27 09:36:00
4024,2015-06-27 10:36:00
4030,2015-06-27 11:36:00
4036,2015-06-27 12:36:00
4042,2015-06-27 13:36:00
4048,2015-06-27 14:36:00
4054,2015-06-27 15:36:00
4060,2015-06-27 16:36:00
4066,2015-06-27 17:36:00
4072,2015-06-27 18:36:00
4078,2015-06-27 19:36:00
4084,2015-06-27 20:36:00
4090,2015-06-27 21:36:00
4096,2015-06-27 22:36:00
4102,2015-06-27 23:36:00
4108,2015-06-28 00:36:00
4114,2015-06-28 01:36:00
4120,2015-06-28 02:36:00
4126,2015-06-28 03:36:00
4132,2015-06-28 04:36:00
4138,2015-06-28 05:36:00
4144,2015-06-28 06:36:00
4150,2015-06-28 07:36:00
4156,2015-06-28 08:36:00
4162,2015-06-28 09:36:00
4168,2015-06-28 10:36:00
4174,2015-06-28 11:36:00
4180,2015-06-28 12:36:00
4186,2015-06-28 13:36:00
4192,2015-06-28 14:36:00
4198,2015-06-28 15:36:00
4204,2015-06-28 16:36:00
4210,2015-06-28 17:36:00
4216,2015-06-28 18:36:00
4222,2015-06-28 19:36:00
4228,2015-06-28 20:36:00
4234,2015-06-28 21:36:00
4240,2015-06-28 22:36:00
4246,2015-06-28 23:36:00
4252,2015-06-29 00:36:00
4258,2015-06-29 01:36:00
4264,2015-06-29 02:36:00
4270,2015-06-29 03:36:00
4276,2015-06-29 04:36:00
4282,2015-06-29 05:36:00
4288,2015-06-29 06:36:00
4294,2015-06-29 07:36:00
4300,2015-06-29 08:36:00
4306,2015-06-29 09:36:00
4312,2015-06-29 10:36:00
4318,2015-06-29 11:36:00
4324,2015-06-29 12:36:00
4330,2015-06-29 13:36:00
4336,2015-06-29 14:36:00
4342,2015-06-29 15:36:00
4348,2015-06-29 16:36:00
4354,2015-06-29 17:36:00
4360,2015-06-29 18:36:00
4366,2015-06-29 19:36:00
4372,2015-06-29 20:36:00
4378,2015-06-29 21:36:00
4384,2015-06-29 22:36:00
4390,2015-06-29 23:36:00
4396,2015-06-30 00:36:00
4402,2015-06-30 01:36:00
4408,2015-06-30 02:36:00
4414,2015-06-30 03:36:00
4420,2015-06-30 04:36:00
4426,2015-06-30 05:36:00
4432,2015-06-30 06:36:00
4438,2015-06-30 07:36:00
4444,2015-06-30 08:36:00
4450,2015-06-30 09:36:00
4456,2015-06-30 10:36:00
4462,2015-06-30 11:36:00
4468,2015-06-30 12:36:00
4474,2015-06-30 13:36:00
4480,2015-06-30 14:36:00
4486,2015-06-30 15:36:00
4492,2015-06-30 16:36:00
4498,2015-06-30 17:36:00
4504,2015-06-30 18:36:00
4510,2015-06-30 19:36:00
4516,2015-06-30 20:36:00
4522,2015-06-30 21:36:00
4528,2015-06-30 22:36:00
4534,2015-06-30 23:36:00
4540,2015-07-01 00:36:00
4546,2015-07-01 01:36:00
4552,2015-07-01 02:36:00
4558,2015-07-01 03:36:00
4564,2015-07-01 04:36:00
4570,2015-07-01 05:36:00
4576,2015-07-01 06:36:00
4582,2015-07-01 07:36:00
4588,2015-07-01 08:36:00
4594,2015-07-01 09:36:00
4600,2015-07-01 10:36:00
4606,2015-07-01 11:36:00
4612,2015-07-01 12:36:00
4618,2015-07-01 13:36:00
4624,2015-07-01 14:36:00
4630,2015-07-01 15:36:00
4636,2015-07-01 16:36:00
4642,2015-07-01 17:36:00
4648,2015-07-01 18:36:00
4654,2015-07-01 19:36:00
4660,2015-07-01 20:36:00
4666,2015-07-01 21:36:00
4672,2015-07-01 22:36:00
4678,2015-07-01 23:36:00
4684,2015-07-02 00:36:00
4690,2015-07-02 01:36:00
4696,2015-07-02 02:36:00
4702,2015-07-02 03:36:00
4708,2015-07-02 04:36:00
4714,2015-07-02 05:36:00
4720,2015-07-02 06:36:00
4726,2015-07-02 07:36:00
4732,2015-07-02 08:36:00
4738,2015-07-02 09:36:00
4744,2015-07-02 10:36:00
4750,2015-07-02 11:36:00
4756,2015-07-02 12:36:00
4762,2015-07-02 13:36:00
4768,2015-07-02 14:36:00
4774,2015-07-02 15:36:00
4780,2015-07-02 16:36:00
4786,2015-07-02 17:36:00
4792,2015-07-02 18:36:00
4798,2015-07-02 19:36:00
4804,2015-07-02 20:36:00
4810,2015-07-02 21:36:00
4816,2015-07-02 22:36:00
4822,2015-07-02 23:36:00
4828,2015-07-03 00:36:00
4834,2015-07-03 01:36:00
4840,2015-07-03 02:36:00
4846,2015-07-03 03:36:00
4852,2015-07-03 04:36:00
4858,2015-07-03 05:36:00
4864,2015-07-03 06:36:00
4870,2015-07-03 07:36:00
4876,2015-07-03 08:36:00
4882,2015-07-03 09:36:00
4888,2015-07-03 10:36:00
4894,2015-07-03 11:36:00
4900,2015-07-03 12:36:00
4906,2015-07-03 13:36:00
4912,2015-07-03 14:36:00
4918,2015-07-03 15:36:00
4924,2015-07-03 16:36:00
4930,2015-07-03 17:36:00
4936,2015-07-03 18:36:00
4942,2015-07-03 19:36:00
4948,2015-07-03 20:36:00
4954,2015-07-03 21:36:00
4960,2015-07-03 22:36:00
4966,2015-07-03 23:36:00
4972,2015-07-04 00:36:00
4978,2015-07-04 01:36:00
4984,2015-07-04 02:36:00
4990,2015-07-04 03:36:00
4996,2015-07-04 04:36:00
5002,2015-07-04 05:36:00
5008,2015-07-04 06:36:00
5014,2015-07-04 07:36:00
5020,2015-07-04 08:36:00
5026,2015-07-04 09:36:00
5032,2015-07-04 10:36:00
5038,2015-07-04 11:36:00
5044,2015-07-04 12:36:00
5050,2015-07-04 13:36:00
5056,2015-07-04 14:36:00
5062,2015-07-04 15:36:00
5068,2015-07-04 16:36:00
5074,2015-07-04 17:36:00
5080,2015-07-04 18:36:00
5086,2015-07-04 19:36:00
5092,2015-07-04 20:36:00
5098,2015-07-04 21:36:00
5104,2015-07-04 22:36:00
5110,2015-07-04 23:36:00
5116,2015-07-05 00:36:00
5122,2015-07-05 01:36:00
5128,2015-07-05 02:36:00
5134,2015-07-05 03:36:00
5140,2015-07-05 04:36:00
5146,2015-07-05 05:36:00
5152,2015-07-05 06:36:00
5158,2015-07-05 07:36:00
5164,2015-07-05 08:36:00
5170,2015-07-05 09:36:00
5176,2015-07-05 10:36:00
5182,2015-07-05 11:36:00
5188,2015-07-05 12:36:00
5194,2015-07-05 13:36:00
5200,2015-07-05 14:36:00
5206,2015-07-05 15:36:00
5212,2015-07-05 16:36:00
5218,2015-07-05 17:36:00
5224,2015-07-05 18:36:00
5230,2015-07-05 19:36:00
5236,2015-07-05 20:36:00
5242,2015-07-05 21:36:00
5248,2015-07-05 22:36:00
5254,2015-07-05 23:36:00
5260,2015-07-06 00:36:00
5266,2015-07-06 01:36:00
5272,2015-07-06 02:36:00
5278,2015-07-06 03:36:00
5284,2015-07-06 04:36:00
5290,2015-07-06 05:36:00
5296,2015-07-06 06:36:00
5302,2015-07-06 07:36:00
5308,2015-07-06 08:36:00
5314,2015-07-06 09:36:00
5320,2015-07-06 10:36:00
5326,2015-07-06 11:36:00
5332,2015-07-06 12:36:00
5338,2015-07-06 13:36:00
5344,2015-07-06 14:36:00
5350,2015-07-06 15:36:00
5356,2015-07-06 16:36:00
5362,2015-07-06 17:36:00
5368,2015-07-06 18:36:00
5374,2015-07-06 19:36:00
5380,2015-07-06 20:36:00
5386,2015-07-06 21:36:00
5392,2015-07-06 22:36:00
5398,2015-07-06 23:36:00
5404,2015-07-07 00:36:00
5410,2015-07-07 01:36:00
5416,2015-07-07 02:36:00
5422,2015-07-07 03:36:00
5428,2015-07-07 04:36:00
5434,2015-07-07 05:36:00
5440,2015-07-07 06:36:00
5446,2015-07-07 07:36:00
5452,2015-07-07 08:36:00
5458,2015-07-07 09:36:00
5464,2015-07-07 10:36:00
5470,2015-07-07 11:36:00
5476,2015-07-07 12:36:00
5482,2015-07-07 13:36:00
5488,2015-07-07 14:36:00
5494,2015-07-07 15:36:00
5500,2015-07-07 16:36:00
5506,2015-07-07 17:36:00
5512,2015-07-07 18:36:00
5518,2015-07-07 19:36:00
5524,2015-07-07 20:36:00
5530,2015-07-07 21:36:00
5536,2015-07-07 22:36:00
5542,2015-07-07 23:36:00
5548,2015-07-08 00:36:00
5554,2015-07-08 01:36:00
5560,2015-07-08 02:36:00
5566,2015-07-08 03:36:00
5572,2015-07-08 04:36:00
5578,2015-07-08 05:36:00
5584,2015-07-08 06:36:00
5590,2015-07-08 07:36:00
5596,2015-07-08 08:36:00
5602,2015-07-08 09:36:00
5608,2015-07-08 10:36:00
5614,2015-07-08 11:36:00
5620,2015-07-08 12:36:00
5626,2015-07-08 13:36:00
5632,2015-07-08 14:36:00
5638,2015-07-08 15:36:00
5644,2015-07-08 16:36:00
5650,2015-07-08 17:36:00
5656,2015-07-08 18:36:00
5662,2015-07-08 19:36:00
5668,2015-07-08 20:36:00
5674,2015-07-08 21:36:00
5680,2015-07-08 22:36:00
5686,2015-07-08 23:36:00
5692,2015-07-09 00:36:00
5698,2015-07-09 01:36:00
5704,2015-07-09 02:36:00
5710,2015-07-09 03:36:00
5716,2015-07-09 04:36:00
5722,2015-07-09 05:36:00
5728,2015-07-09 06:36:00
5734,2015-07-09 07:36:00
5740,2015-07-09 08:36:00
5746,2015-07-09 09:36:00
5752,2015-07-09 10:36:00
5758,2015-07-09 11:36:00
5764,2015-07-09 12:36:00
5770,2015-07-09 13:36:00
5776,2015-07-09 14:36:00
5782,2015-07-09 15:36:00
5788,2015-07-09 16:36:00
5794,2015-07-09 17:36:00
5800,2015-07-09 18:36:00
5806,2015-07-09 19:36:00
5812,2015-07-09 20:36:00
5818,2015-07-09 21:36:00
5824,2015-07-09 22:36:00
5830,2015-07-09 23:36:00
5836,2015-07-10 00:36:00
5842,2015-07-10 01:36:00
5848,2015-07-10 02:36:00
5854,2015-07-10 03:36:00
5860,2015-07-10 04:36:00
5866,2015-07-10 05:36:00
5872,2015-07-10 06:36:00
5878,2015-07-10 07:36:00
5884,2015-07-10 08:36:00
5890,2015-07-10 09:36:00
5896,2015-07-10 10:36:00
5902,2015-07-10 11:36:00
5908,2015-07-10 12:36:00
5914,2015-07-10 13:36:00
5920,2015-07-10 14:36:00
5926,2015-07-10 15:36:00
5932,2015-07-10 16:36:00
5938,2015-07-10 17:36:00
5944,2015-07-10 18:36:00
5950,2015-07-10 19:36:00
5956,2015-07-10 20:36:00
5962,2015-07-10 21:36:00
5968,2015-07-10 22:36:00
5974,2015-07-10 23:36:00
5980,2015-07-11 00:36:00
5986,2015-07-11 01:36:00
5992,2015-07-11 02:36:00
5998,2015-07-11 03:36:00
6004,2015-07-11 04:36:00
6010,2015-07-11 05:36:00
6016,2015-07-11 06:36:00
6022,2015-07-11 07:36:00
6028,2015-07-11 08:36:00
6034,2015-07-11 09:36:00
6040,2015-07-11 10:36:00
6046,2015-07-11 11:36:00
6052,2015-07-11 12:36:00
6058,2015-07-11 13:36:00
6064,2015-07-11 14:36:00
6070,2015-07-11 15:36:00
6076,2015-07-11 16:36:00
6082,2015-07-11 17:36:00
6088,2015-07-11 18:36:00
6094,2015-07-11 19:36:00
6100,2015-07-11 20:36:00
6106,2015-07-11 21:36:00
6112,2015-07-11 22:36:00
6118,2015-07-11 23:36:00
6124,2015-07-12 00:36:00
6130,2015-07-12 01:36:00
6136,2015-07-12 02:36:00
6142,2015-07-12 03:36:00
6148,2015-07-12 04:36:00
6154,2015-07-12 05:36:00
6160,2015-07-12 06:36:00
6166,2015-07-12 07:36:00
6172,2015-07-12 08:36:00
6178,2015-07-12 09:36:00
6184,2015-07-12 10:36:00
6190,2015-07-12 11:36:00
6196,2015-07-12 12:36:00
6202,2015-07-12 13:36:00
6208,2015-07-12 14:36:00
6214,2015-07-12 15:36:00
6220,2015-07-12 16:36:00
6226,2015-07-12 17:36:00
6232,2015-07-12 18:36:00
6238,2015-07-12 19:36:00
6244,2015-07-12 20:36:00
6250,2015-07-12 21:36:00
6256,2015-07-12 22:36:00
6262,2015-07-12 23:36:00
6268,2015-07-13 00:36:00
6274,2015-07-13 01:36:00
6280,2015-07-13 02:36:00
6286,2015-07-13 03:36:00
6292,2015-07-13 04:36:00
6298,2015-07-13 05:36:00
6304,2015-07-13 06:36:00
6310,2015-07-13 07:36:00
6316,2015-07-13 08:36:00
6322,2015-07-13 09:36:00
6328,2015-07-13 10:36:00
6334,2015-07-13 11:36:00
6340,2015-07-13 12:36:00
6346,2015-07-13 13:36:00
6352,2015-07-13 14:36:00
6358,2015-07-13 15:36:00
6364,2015-07-13 16:36:00
6370,2015-07-13 17:36:00
6376,2015-07-13 18:36:00
6382,2015-07-13 19:36:00
6388,2015-07-13 20:36:00
6394,2015-07-13 21:36:00
6400,2015-07-13 22:36:00
6406,2015-07-13 23:36:00
6412,2015-07-14 00:36:00
6418,2015-07-14 01:36:00
6424,2015-07-14 02:36:00
6430,2015-07-14 03:36:00
6436,2015-07-14 04:36:00
6442,2015-07-14 05:36:00
6448,2015-07-14 06:36:00
6454,2015-07-14 07:36:00
6460,2015-07-14 08:36:00
6466,2015-07-14 09:36:00
6472,2015-07-14 10:36:00
6478,2015-07-14 11:36:00
6484,2015-07-14 12:36:00
6490,2015-07-14 13:36:00
6496,2015-07-14 14:36:00
6502,2015-07-14 15:36:00
6508,2015-07-14 16:36:00
6514,2015-07-14 17:36:00
6520,2015-07-14 18:36:00
6526,2015-07-14 19:36:00
6532,2015-07-14 20:36:00
6538,2015-07-14 21:36:00
6544,2015-07-14 22:36:00
6550,2015-07-14 23:36:00
6556,2015-07-15 00:36:00
6562,2015-07-15 01:36:00
6568,2015-07-15 02:36:00
6574,2015-07-15 03:36:00
6580,2015-07-15 04:36:00
6586,2015-07-15 05:36:00
6592,2015-07-15 06:36:00
6598,2015-07-15 07:36:00
6604,2015-07-15 08:36:00
6610,2015-07-15 09:36:00
6616,2015-07-15 10:36:00
6622,2015-07-15 11:36:00
6628,2015-07-15 12:36:00
6634,2015-07-15 13:36:00
6640,2015-07-15 14:36:00
6646,2015-07-15 15:36:00
6652,2015-07-15 16:36:00
6658,2015-07-15 17:36:00
6664,2015-07-15 18:36:00
6670,2015-07-15 19:36:00
6676,2015-07-15 20:36:00
6682,2015-07-15 21:36:00
6688,2015-07-15 22:36:00
6694,2015-07-15 23:36:00
6700,2015-07-16 00:36:00
6706,2015-07-16 01:36:00
6712,2015-07-16 02:36:00
6718,2015-07-16 03:36:00
6724,2015-07-16 04:36:00
6730,2015-07-16 05:36:00
6736,2015-07-16 06:36:00
6742,2015-07-16 07:36:00
6748,2015-07-16 08:36:00
6754,2015-07-16 09:36:00
6760,2015-07-16 10:36:00
6766,2015-07-16 11:36:00
6772,2015-07-16 12:36:00
6778,2015-07-16 13:36:00
6784,2015-07-16 14:36:00
6790,2015-07-16 15:36:00
6796,2015-07-16 16:36:00
6802,2015-07-16 17:36:00
6808,2015-07-16 18:36:00
6814,2015-07-16 19:36:00
6820,2015-07-16 20:36:00
6826,2015-07-16 21:36:00
6832,2015-07-16 22:36:00
6838,2015-07-16 23:36:00
6844,2015-07-17 00:36:00
6850,2015-07-17 01:36:00
6856,2015-07-17 02:36:00
6862,2015-07-17 03:36:00
6868,2015-07-17 04:36:00
6874,2015-07-17 05:36:00
6880,2015-07-17 06:36:00
6886,2015-07-17 07:36:00
6892,2015-07-17 08:36:00
6898,2015-07-17 09:36:00
6904,2015-07-17 10:36:00
6910,2015-07-17 11:36:00
6916,2015-07-17 12:36:00
6922,2015-07-17 13:36:00
6928,2015-07-17 14:36:00
6934,2015-07-17 15:36:00
6940,2015-07-17 16:36:00
6946,2015-07-17 17:36:00
6952,2015-07-17 18:36:00
6958,2015-07-17 19:36:00
6964,2015-07-17 20:36:00
6970,2015-07-17 21:36:00
6976,2015-07-17 22:36:00
6982,2015-07-17 23:36:00
6988,2015-07-18 00:36:00
6994,2015-07-18 01:36:00
7000,2015-07-18 02:36:00
7006,2015-07-18 03:36:00
7012,2015-07-18 04:36:00
7018,2015-07-18 05:36:00
7024,2015-07-18 06:36:00
7030,2015-07-18 07:36:00
7036,2015-07-18 08:36:00
7042,2015-07-18 09:36:00
7048,2015-07-18 10:36:00
7054,2015-07-18 11:36:00
7060,2015-07-18 12:36:00
7066,2015-07-18 13:36:00
7072,2015-07-18 14:36:00
7078,2015-07-18 15:36:00
7084,2015-07-18 16:36:00
7090,2015-07-18 17:36:00
7096,2015-07-18 18:36:00
7102,2015-07-18 19:36:00
7108,2015-07-18 20:36:00
7114,2015-07-18 21:36:00
7120,2015-07-18 22:36:00
7126,2015-07-18 23:36:00
7132,2015-07-19 00:36:00
7138,2015-07-19 01:36:00
7144,2015-07-19 02:36:00
7150,2015-07-19 03:36:00
7156,2015-07-19 04:36:00
7162,2015-07-19 05:36:00
7168,2015-07-19 06:36:00
7174,2015-07-19 07:36:00
7180,2015-07-19 08:36:00
7186,2015-07-19 09:36:00
7192,2015-07-19 10:36:00
7198,2015-07-19 11:36:00
7204,2015-07-19 12:36:00
7210,2015-07-19 13:36:00
7216,2015-07-19 14:36:00
7222,2015-07-19 15:36:00
7228,2015-07-19 16:36:00
7234,2015-07-19 17:36:00
7240,2015-07-19 18:36:00
7246,2015-07-19 19:36:00
7252,2015-07-19 20:36:00
7258,2015-07-19 21:36:00
7264,2015-07-19 22:36:00
7270,2015-07-19 23:36:00
7276,2015-07-20 00:36:00
7282,2015-07-20 01:36:00
7288,2015-07-20 02:36:00
7294,2015-07-20 03:36:00
7300,2015-07-20 04:36:00
7306,2015-07-20 05:36:00
7312,2015-07-20 06:36:00
7318,2015-07-20 07:36:00
7324,2015-07-20 08:36:00
7330,2015-07-20 09:36:00
7336,2015-07-20 10:36:00
7342,2015-07-20 11:36:00
7348,2015-07-20 12:36:00
7354,2015-07-20 13:36:00
7360,2015-07-20 14:36:00
7366,2015-07-20 15:36:00
7372,2015-07-20 16:36:00
7378,2015-07-20 17:36:00
7384,2015-07-20 18:36:00
7390,2015-07-20 19:36:00
7396,2015-07-20 20:36:00
7402,2015-07-20 21:36:00
7408,2015-07-20 22:36:00
7414,2015-07-20 23:36:00
7420,2015-07-21 00:36:00
7426,2015-07-21 01:36:00
7432,2015-07-21 02:36:00
7438,2015-07-21 03:36:00
7444,2015-07-21 04:36:00
7450,2015-07-21 05:36:00
7456,2015-07-21 06:36:00
7462,2015-07-21 07:36:00
7468,2015-07-21 08:36:00
7474,2015-07-21 09:36:00
7480,2015-07-21 10:36:00
7486,2015-07-21 11:36:00
7492,2015-07-21 12:36:00
7498,2015-07-21 13:36:00
7504,2015-07-21 14:36:00
7510,2015-07-21 15:36:00
7516,2015-07-21 16:36:00
7522,2015-07-21 17:36:00
7528,2015-07-21 18:36:00
7534,2015-07-21 19:36:00
7540,2015-07-21 20:36:00
7546,2015-07-21 21:36:00
7552,2015-07-21 22:36:00
7558,2015-07-21 23:36:00
7564,2015-07-22 00:36:00
7570,2015-07-22 01:36:00
7576,2015-07-22 02:36:00
7582,2015-07-22 03:36:00
7588,2015-07-22 04:36:00
7594,2015-07-22 05:36:00
7600,2015-07-22 06:36:00
7606,2015-07-22 07:36:00
7612,2015-07-22 08:36:00
7618,2015-07-22 09:36:00
7624,2015-07-22 10:36:00
7630,2015-07-22 11:36:00
7636,2015-07-22 12:36:00
7642,2015-07-22 13:36:00
7648,2015-07-22 14:36:00
7654,2015-07-22 15:36:00
7660,2015-07-22 16:36:00
7666,2015-07-22 17:36:00
7672,2015-07-22 18:36:00
7678,2015-07-22 19:36:00
7684,2015-07-22 20:36:00
7690,2015-07-22 21:36:00
7696,2015-07-22 22:36:00
7702,2015-07-22 23:36:00
7708,2015-07-23 00:36:00
7714,2015-07-23 01:36:00
7720,2015-07-23 02:36:00
7726,2015-07-23 03:36:00
7732,2015-07-23 04:36:00
7738,2015-07-23 05:36:00
7744,2015-07-23 06:36:00
7750,2015-07-23 07:36:00
7756,2015-07-23 08:36:00
7762,2015-07-23 09:36:00
7768,2015-07-23 10:36:00
7774,2015-07-23 11:36:00
7780,2015-07-23 12:36:00
7786,2015-07-23 13:36:00
7792,2015-07-23 14:36:00
7798,2015-07-23 15:36:00
7804,2015-07-23 16:36:00
7810,2015-07-23 17:36:00
7816,2015-07-23 18:36:00
7822,2015-07-23 19:36:00
7828,2015-07-23 20:36:00
7834,2015-07-23 21:36:00
7840,2015-07-23 22:36:00
7846,2015-07-23 23:36:00
7852,2015-07-24 00:36:00
7858,2015-07-24 01:36:00
7864,2015-07-24 02:36:00
7870,2015-07-24 03:36:00
7876,2015-07-24 04:36:00
7882,2015-07-24 05:36:00
7888,2015-07-24 06:36:00
7894,2015-07-24 07:36:00
7900,2015-07-24 08:36:00
7906,2015-07-24 09:36:00
7912,2015-07-24 10:36:00
7918,2015-07-24 11:36:00
7924,2015-07-24 12:36:00
7930,2015-07-24 13:36:00
7936,2015-07-24 14:36:00
7942,2015-07-24 15:36:00
7948,2015-07-24 16:36:00
7954,2015-07-24 17:36:00
7960,2015-07-24 18:36:00
7966,2015-07-24 19:36:00
7972,2015-07-24 20:36:00
7978,2015-07-24 21:36:00
7984,2015-07-24 22:36:00
7990,2015-07-24 23:36:00
7996,2015-07-25 00:36:00
8002,2015-07-25 01:36:00
8008,2015-07-25 02:36:00
8014,2015-07-25 03:36:00
8020,2015-07-25 04:36:00
8026,2015-07-25 05:36:00
8032,2015-07-25 06:36:00
8038,2015-07-25 07:36:00
8044,2015-07-25 08:36:00
8050,2015-07-25 09:36:00
8056,2015-07-25 10:36:00
8062,2015-07-25 11:36:00
8068,2015-07-25 12:36:00
8074,2015-07-25 13:36:00
8080,2015-07-25 14:36:00
8086,2015-07-25 15:36:00
8092,2015-07-25 16:36:00
8098,2015-07-25 17:36:00
8104,2015-07-25 18:36:00
8110,2015-07-25 19:36:00
8116,2015-07-25 20:36:00
8122,2015-07-25 21:36:00
8128,2015-07-25 22:36:00
8134,2015-07-25 23:36:00
8140,2015-07-26 00:36:00
8146,2015-07-26 01:36:00
8152,2015-07-26 02:36:00
8158,2015-07-26 03:36:00
8164,2015-07-26 04:36:00
8170,2015-07-26 05:36:00
8176,2015-07-26 06:36:00
8182,2015-07-26 07:36:00
8188,2015-07-26 08:36:00
8194,2015-07-26 09:36:00
8200,2015-07-26 10:36:00
8206,2015-07-26 11:36:00
8212,2015-07-26 12:36:00
8218,2015-07-26 13:36:00
8224,2015-07-26 14:36:00
8230,2015-07-26 15:36:00
8236,2015-07-26 16:36:00
8242,2015-07-26 17:36:00
8248,2015-07-26 18:36:00
8254,2015-07-26 19:36:00
8260,2015-07-26 20:36:00
8266,2015-07-26 21:36:00
8272,2015-07-26 22:36:00
8278,2015-07-26 23:36:00
8284,2015-07-27 00:36:00
8290,2015-07-27 01:36:00
8296,2015-07-27 02:36:00
8302,2015-07-27 03:36:00
8308,2015-07-27 04:36:00
8314,2015-07-27 05:36:00
8320,2015-07-27 06:36:00
8326,2015-07-27 07:36:00
8332,2015-07-27 08:36:00
8338,2015-07-27 09:36:00
8344,2015-07-27 10:36:00
8350,2015-07-27 11:36:00
8356,2015-07-27 12:36:00
8362,2015-07-27 13:36:00
8368,2015-07-27 14:36:00
8374,2015-07-27 15:36:00
8380,2015-07-27 16:36:00
8386,2015-07-27 17:36:00
8392,2015-07-27 18:36:00
8398,2015-07-27 19:36:00
8404,2015-07-27 20:36:00
8410,2015-07-27 21:36:00
8416,2015-07-27 22:36:00
8422,2015-07-27 23:36:00
8428,2015-07-28 00:36:00
8434,2015-07-28 01:36:00
8440,2015-07-28 02:36:00
8446,2015-07-28 03:36:00
8452,2015-07-28 04:36:00
8458,2015-07-28 05:36:00
8464,2015-07-28 06:36:00
8470,2015-07-28 07:36:00
8476,2015-07-28 08:36:00
8482,2015-07-28 09:36:00
8488,2015-07-28 10:36:00
8494,2015-07-28 11:36:00
8500,2015-07-28 12:36:00
8506,2015-07-28 13:36:00
8512,2015-07-28 14:36:00
8518,2015-07-28 15:36:00
8524,2015-07-28 16:36:00
8530,2015-07-28 17:36:00
8536,2015-07-28 18:36:00
8542,2015-07-28 19:36:00
8548,2015-07-28 20:36:00
8554,2015-07-28 21:36:00
8560,2015-07-28 22:36:00
8566,2015-07-28 23:36:00
8572,2015-07-29 00:36:00
8578,2015-07-29 01:36:00
8584,2015-07-29 02:36:00
8590,2015-07-29 03:36:00
8596,2015-07-29 04:36:00
8602,2015-07-29 05:36:00
8608,2015-07-29 06:36:00
8614,2015-07-29 07:36:00
8620,2015-07-29 08:36:00
8626,2015-07-29 09:36:00
8632,2015-07-29 10:36:00
8638,2015-07-29 11:36:00
8644,2015-07-29 12:36:00
8650,2015-07-29 13:36:00
8656,2015-07-29 14:36:00
8662,2015-07-29 15:36:00
8668,2015-07-29 16:36:00
8674,2015-07-29 17:36:00
8680,2015-07-29 18:36:00
8686,2015-07-29 19:36:00
8692,2015-07-29 20:36:00
8698,2015-07-29 21:36:00
8704,2015-07-29 22:36:00
8710,2015-07-29 23:36:00
8716,2015-07-30 00:36:00
8722,2015-07-30 01:36:00
8728,2015-07-30 02:36:00
8734,2015-07-30 03:36:00
8740,2015-07-30 04:36:00
8746,2015-07-30 05:36:00
8752,2015-07-30 06:36:00
8758,2015-07-30 07:36:00
8764,2015-07-30 08:36:00
8770,2015-07-30 09:36:00
8776,2015-07-30 10:36:00
8782,2015-07-30 11:36:00
8788,2015-07-30 12:36:00
8794,2015-07-30 13:36:00
8800,2015-07-30 14:36:00
8806,2015-07-30 15:36:00
8812,2015-07-30 16:36:00
8818,2015-07-30 17:36:00
8824,2015-07-30 18:36:00
8830,2015-07-30 19:36:00
8836,2015-07-30 20:36:00
8842,2015-07-30 21:36:00
8848,2015-07-30 22:36:00
8854,2015-07-30 23:36:00
8860,2015-07-31 00:36:00
8866,2015-07-31 01:36:00
8872,2015-07-31 02:36:00
8878,2015-07-31 03:36:00
8884,2015-07-31 04:36:00
8890,2015-07-31 05:36:00
8896,2015-07-31 06:36:00
8902,2015-07-31 07:36:00
8908,2015-07-31 08:36:00
8914,2015-07-31 09:36:00
8920,2015-07-31 10:36:00
8926,2015-07-31 11:36:00
8932,2015-07-31 12:36:00
8938,2015-07-31 13:36:00
8944,2015-07-31 14:36:00
8950,2015-07-31 15:36:00
8956,2015-07-31 16:36:00
8962,2015-07-31 17:36:00
8968,2015-07-31 18:36:00
8974,2015-07-31 19:36:00
8980,2015-07-31 20:36:00
8986,2015-07-31 21:36:00
8992,2015-07-31 22:36:00
8998,2015-07-31 23:36:00
9004,2015-08-01 00:36:00
9010,2015-08-01 01:36:00
9016,2015-08-01 02:36:00
9022,2015-08-01 03:36:00
9028,2015-08-01 04:36:00
9034,2015-08-01 05:36:00
9040,2015-08-01 06:36:00
9046,2015-08-01 07:36:00
9052,2015-08-01 08:36:00
9058,2015-08-01 09:36:00
9064,2015-08-01 10:36:00
9070,2015-08-01 11:36:00
9076,2015-08-01 12:36:00
9082,2015-08-01 13:36:00
9088,2015-08-01 14:36:00
9094,2015-08-01 15:36:00
9100,2015-08-01 16:36:00
9106,2015-08-01 17:36:00
9112,2015-08-01 18:36:00
9118,2015-08-01 19:36:00
9124,2015-08-01 20:36:00
9130,2015-08-01 21:36:00
9136,2015-08-01 22:36:00
9142,2015-08-01 23:36:00
9148,2015-08-02 00:36:00
9154,2015-08-02 01:36:00
9160,2015-08-02 02:36:00
9166,2015-08-02 03:36:00
9172,2015-08-02 04:36:00
9178,2015-08-02 05:36:00
9184,2015-08-02 06:36:00
9190,2015-08-02 07:36:00
9196,2015-08-02 08:36:00
9202,2015-08-02 09:36:00
9208,2015-08-02 10:36:00
9214,2015-08-02 11:36:00
9220,2015-08-02 12:36:00
9226,2015-08-02 13:36:00
9232,2015-08-02 14:36:00
9238,2015-08-02 15:36:00
9244,2015-08-02 16:36:00
9250,2015-08-02 17:36:00
9256,2015-08-02 18:36:00
9262,2015-08-02 19:36:00
9268,2015-08-02 20:36:00
9274,2015-08-02 21:36:00
9280,2015-08-02 22:36:00
9286,2015-08-02 23:36:00
9292,2015-08-03 00:36:00
9298,2015-08-03 01:36:00
9304,2015-08-03 02:36:00
9310,2015-08-03 03:36:00
9316,2015-08-03 04:36:00
9322,2015-08-03 05:36:00
9328,2015-08-03 06:36:00
9334,2015-08-03 07:36:00
9340,2015-08-03 08:36:00
9346,2015-08-03 09:36:00
9352,2015-08-03 10:36:00
9358,2015-08-03 11:36:00
9364,2015-08-03 12:36:00
9370,2015-08-03 13:36:00
9376,2015-08-03 14:36:00
9382,2015-08-03 15:36:00
9388,2015-08-03 16:36:00
9394,2015-08-03 17:36:00
9400,2015-08-03 18:36:00
9406,2015-08-03 19:36:00
9412,2015-08-03 20:36:00
9418,2015-08-03 21:36:00
9424,2015-08-03 22:36:00
9430,2015-08-03 23:36:00
9436,2015-08-04 00:36:00
9442,2015-08-04 01:36:00
9448,2015-08-04 02:36:00
9454,2015-08-04 03:36:00
9460,2015-08-04 04:36:00
9466,2015-08-04 05:36:00
9472,2015-08-04 06:36:00
9478,2015-08-04 07:36:00
9484,2015-08-04 08:36:00
9490,2015-08-04 09:36:00
9496,2015-08-04 10:36:00
9502,2015-08-04 11:36:00
9508,2015-08-04 12:36:00
9514,2015-08-04 13:36:00
9520,2015-08-04 14:36:00
9526,2015-08-04 15:36:00
9532,2015-08-04 16:36:00
9538,2015-08-04 17:36:00
9544,2015-08-04 18:36:00
9550,2015-08-04 19:36:00
9556,2015-08-04 20:36:00
9562,2015-08-04 21:36:00
9568,2015-08-04 22:36:00
9574,2015-08-04 23:36:00
9580,2015-08-05 00:36:00
9586,2015-08-05 01:36:00
9592,2015-08-05 02:36:00
9598,2015-08-05 03:36:00
9604,2015-08-05 04:36:00
9610,2015-08-05 05:36:00
9616,2015-08-05 06:36:00
9622,2015-08-05 07:36:00
9628,2015-08-05 08:36:00
9634,2015-08-05 09:36:00
9640,2015-08-05 10:36:00
9646,2015-08-05 11:36:00
9652,2015-08-05 12:36:00
9658,2015-08-05 13:36:00
9664,2015-08-05 14:36:00
9670,2015-08-05 15:36:00
9676,2015-08-05 16:36:00
9682,2015-08-05 17:36:00
9688,2015-08-05 18:36:00
9694,2015-08-05 19:36:00
9700,2015-08-05 20:36:00
9706,2015-08-05 21:36:00
9712,2015-08-05 22:36:00
9718,2015-08-05 23:36:00
9724,2015-08-06 00:36:00
9730,2015-08-06 01:36:00
9736,2015-08-06 02:36:00
9742,2015-08-06 03:36:00
9748,2015-08-06 04:36:00
9754,2015-08-06 05:36:00
9760,2015-08-06 06:36:00
9766,2015-08-06 07:36:00
9772,2015-08-06 08:36:00
9778,2015-08-06 09:36:00
9784,2015-08-06 10:36:00
9790,2015-08-06 11:36:00
9796,2015-08-06 12:36:00
9802,2015-08-06 13:36:00
9808,2015-08-06 14:36:00
9814,2015-08-06 15:36:00
9820,2015-08-06 16:36:00
9826,2015-08-06 17:36:00
9832,2015-08-06 18:36:00
9838,2015-08-06 19:36:00
9844,2015-08-06 20:36:00
9850,2015-08-06 21:36:00
9856,2015-08-06 22:36:00
9862,2015-08-06 23:36:00
9868,2015-08-07 00:36:00
9874,2015-08-07 01:36:00
9880,2015-08-07 02:36:00
9886,2015-08-07 03:36:00
9892,2015-08-07 04:36:00
9898,2015-08-07 05:36:00
9904,2015-08-07 06:36:00
9910,2015-08-07 07:36:00
9916,2015-08-07 08:36:00
9922,2015-08-07 09:36:00
9928,2015-08-07 10:36:00
9934,2015-08-07 11:36:00
9940,2015-08-07 12:36:00
9946,2015-08-07 13:36:00
9952,2015-08-07 14:36:00
9958,2015-08-07 15:36:00
9964,2015-08-07 16:36:00
9970,2015-08-07 17:36:00
9976,2015-08-07 18:36:00
9982,2015-08-07 19:36:00
9988,2015-08-07 20:36:00
9994,2015-08-07 21:36:00
10000,2015-08-07 22:36:00
10006,2015-08-07 23:36:00
10012,2015-08-08 00:36:00
10018,2015-08-08 01:36:00
10024,2015-08-08 02:36:00
10030,2015-08-08 03:36:00
10036,2015-08-08 04:36:00
10042,2015-08-08 05:36:00
10048,2015-08-08 06:36:00
10054,2015-08-08 07:36:00
10060,2015-08-08 08:36:00
10066,2015-08-08 09:36:00
10072,2015-08-08 10:36:00
10078,2015-08-08 11:36:00
10084,2015-08-08 12:36:00
10090,2015-08-08 13:36:00
10096,2015-08-08 14:36:00
10102,2015-08-08 15:36:00
10108,2015-08-08 16:36:00
10114,2015-08-08 17:36:00
10120,2015-08-08 18:36:00
10126,2015-08-08 19:36:00
10132,2015-08-08 20:36:00
10138,2015-08-08 21:36:00
10144,2015-08-08 22:36:00
10150,2015-08-08 23:36:00
10156,2015-08-09 00:36:00
10162,2015-08-09 01:36:00
10168,2015-08-09 02:36:00
10174,2015-08-09 03:36:00
10180,2015-08-09 04:36:00
10186,2015-08-09 05:36:00
10192,2015-08-09 06:36:00
10198,2015-08-09 07:36:00
10204,2015-08-09 08:36:00
10210,2015-08-09 09:36:00
10216,2015-08-09 10:36:00
10222,2015-08-09 11:36:00
10228,2015-08-09 12:36:00
10234,2015-08-09 13:36:00
10240,2015-08-09 14:36:00
10246,2015-08-09 15:36:00
10252,2015-08-09 16:36:00
10258,2015-08-09 17:36:00
10264,2015-08-09 18:36:00
10270,2015-08-09 19:36:00
10276,2015-08-09 20:36:00
10282,2015-08-09 21:36:00
10288,2015-08-09 22:36:00
10294,2015-08-09 23:36:00
10300,2015-08-10 00:36:00
10306,2015-08-10 01:36:00
10312,2015-08-10 02:36:00
10318,2015-08-10 03:36:00
10324,2015-08-10 04:36:00
10330,2015-08-10 05:36:00
10336,2015-08-10 06:36:00
10342,2015-08-10 07:36:00
10348,2015-08-10 08:36:00
10354,2015-08-10 09:36:00
10360,2015-08-10 10:36:00
10366,2015-08-10 11:36:00
10372,2015-08-10 12:36:00
10378,2015-08-10 13:36:00
10384,2015-08-10 14:36:00
10390,2015-08-10 15:36:00
10396,2015-08-10 16:36:00
10402,2015-08-10 17:36:00
10408,2015-08-10 18:36:00
10414,2015-08-10 19:36:00
10420,2015-08-10 20:36:00
10426,2015-08-10 21:36:00
10432,2015-08-10 22:36:00
10438,2015-08-10 23:36:00
10444,2015-08-11 00:36:00
10450,2015-08-11 01:36:00
10456,2015-08-11 02:36:00
10462,2015-08-11 03:36:00
10468,2015-08-11 04:36:00
10474,2015-08-11 05:36:00
10480,2015-08-11 06:36:00
10486,2015-08-11 07:36:00
10492,2015-08-11 08:36:00
10498,2015-08-11 09:36:00
10504,2015-08-11 10:36:00
10510,2015-08-11 11:36:00
10516,2015-08-11 12:36:00
10522,2015-08-11 13:36:00
10528,2015-08-11 14:36:00
10534,2015-08-11 15:36:00
10540,2015-08-11 16:36:00
10546,2015-08-11 17:36:00
10552,2015-08-11 18:36:00
10558,2015-08-11 19:36:00
10564,2015-08-11 20:36:00
10570,2015-08-11 21:36:00
10576,2015-08-11 22:36:00
10582,2015-08-11 23:36:00
10588,2015-08-12 00:36:00
10594,2015-08-12 01:36:00
10600,2015-08-12 02:36:00
10606,2015-08-12 03:36:00
10612,2015-08-12 04:36:00
10618,2015-08-12 05:36:00
10624,2015-08-12 06:36:00
10630,2015-08-12 07:36:00
10636,2015-08-12 08:36:00
10642,2015-08-12 09:36:00
10648,2015-08-12 10:36:00
10654,2015-08-12 11:36:00
10660,2015-08-12 12:36:00
10666,2015-08-12 13:36:00
10672,2015-08-12 14:36:00
10678,2015-08-12 15:36:00
10684,2015-08-12 16:36:00
10690,2015-08-12 17:36:00
10696,2015-08-12 18:36:00
10702,2015-08-12 19:36:00
10708,2015-08-12 20:36:00
10714,2015-08-12 21:36:00
10720,2015-08-12 22:36:00
10726,2015-08-12 23:36:00
10732,2015-08-13 00:36:00
10738,2015-08-13 01:36:00
10744,2015-08-13 02:36:00
10750,2015-08-13 03:36:00
10756,2015-08-13 04:36:00
10762,2015-08-13 05:36:00
10768,2015-08-13 06:36:00
10774,2015-08-13 07:36:00
10780,2015-08-13 08:36:00
10786,2015-08-13 09:36:00
10792,2015-08-13 10:36:00
10798,2015-08-13 11:36:00
10804,2015-08-13 12:36:00
10810,2015-08-13 13:36:00
10816,2015-08-13 14:36:00
10822,2015-08-13 15:36:00
10828,2015-08-13 16:36:00
10834,2015-08-13 17:36:00
10840,2015-08-13 18:36:00
10846,2015-08-13 19:36:00
10852,2015-08-13 20:36:00
10858,2015-08-13 21:36:00
10864,2015-08-13 22:36:00
10870,2015-08-13 23:36:00
10876,2015-08-14 00:36:00
10882,2015-08-14 01:36:00
10888,2015-08-14 02:36:00
10894,2015-08-14 03:36:00
10900,2015-08-14 04:36:00
10906,2015-08-14 05:36:00
10912,2015-08-14 06:36:00
10918,2015-08-14 07:36:00
10924,2015-08-14 08:36:00
10930,2015-08-14 09:36:00
10936,2015-08-14 10:36:00
10942,2015-08-14 11:36:00
10948,2015-08-14 12:36:00
10954,2015-08-14 13:36:00
10960,2015-08-14 14:36:00
10966,2015-08-14 15:36:00
10972,2015-08-14 16:36:00
10978,2015-08-14 17:36:00
10984,2015-08-14 18:36:00
10990,2015-08-14 19:36:00
10996,2015-08-14 20:36:00
11002,2015-08-14 21:36:00
11008,2015-08-14 22:36:00
11014,2015-08-14 23:36:00
11020,2015-08-15 00:36:00
11026,2015-08-15 01:36:00
11032,2015-08-15 02:36:00
11038,2015-08-15 03:36:00
11044,2015-08-15 04:36:00
11050,2015-08-15 05:36:00
11056,2015-08-15 06:36:00
11062,2015-08-15 07:36:00
11068,2015-08-15 08:36:00
11074,2015-08-15 09:36:00
11080,2015-08-15 10:36:00
11086,2015-08-15 11:36:00
11092,2015-08-15 12:36:00
11098,2015-08-15 13:36:00
11104,2015-08-15 14:36:00
11110,2015-08-15 15:36:00
11116,2015-08-15 16:36:00
11122,2015-08-15 17:36:00
11128,2015-08-15 18:36:00
11134,2015-08-15 19:36:00
11140,2015-08-15 20:36:00
11146,2015-08-15 21:36:00
11152,2015-08-15 22:36:00
11158,2015-08-15 23:36:00
11164,2015-08-16 00:36:00
11170,2015-08-16 01:36:00
11176,2015-08-16 02:36:00
11182,2015-08-16 03:36:00
11188,2015-08-16 04:36:00
11194,2015-08-16 05:36:00
11200,2015-08-16 06:36:00
11206,2015-08-16 07:36:00
11212,2015-08-16 08:36:00
11218,2015-08-16 09:36:00
11224,2015-08-16 10:36:00
11230,2015-08-16 11:36:00
11236,2015-08-16 12:36:00
11242,2015-08-16 13:36:00
11248,2015-08-16 14:36:00
11254,2015-08-16 15:36:00
11260,2015-08-16 16:36:00
11266,2015-08-16 17:36:00
11272,2015-08-16 18:36:00
11278,2015-08-16 19:36:00
11284,2015-08-16 20:36:00
11290,2015-08-16 21:36:00
11296,2015-08-16 22:36:00
11302,2015-08-16 23:36:00
11308,2015-08-17 00:36:00
11314,2015-08-17 01:36:00
11320,2015-08-17 02:36:00
11326,2015-08-17 03:36:00
11332,2015-08-17 04:36:00
11338,2015-08-17 05:36:00
11344,2015-08-17 06:36:00
11350,2015-08-17 07:36:00
11356,2015-08-17 08:36:00
11362,2015-08-17 09:36:00
11368,2015-08-17 10:36:00
11374,2015-08-17 11:36:00
11380,2015-08-17 12:36:00
11386,2015-08-17 13:36:00
11392,2015-08-17 14:36:00
11398,2015-08-17 15:36:00
11404,2015-08-17 16:36:00
11410,2015-08-17 17:36:00
11416,2015-08-17 18:36:00
11422,2015-08-17 19:36:00
11428,2015-08-17 20:36:00
11434,2015-08-17 21:36:00
11440,2015-08-17 22:36:00
11446,2015-08-17 23:36:00
11452,2015-08-18 00:36:00
11458,2015-08-18 01:36:00
11464,2015-08-18 02:36:00
11470,2015-08-18 03:36:00
11476,2015-08-18 04:36:00
11482,2015-08-18 05:36:00
11488,2015-08-18 06:36:00
11494,2015-08-18 07:36:00
11500,2015-08-18 08:36:00
11506,2015-08-18 09:36:00
11512,2015-08-18 10:36:00
11518,2015-08-18 11:36:00
11524,2015-08-18 12:36:00
11530,2015-08-18 13:36:00
11536,2015-08-18 14:36:00
11542,2015-08-18 15:36:00
11548,2015-08-18 16:36:00
11554,2015-08-18 17:36:00
11560,2015-08-18 18:36:00
11566,2015-08-18 19:36:00
11572,2015-08-18 20:36:00
11578,2015-08-18 21:36:00
11584,2015-08-18 22:36:00
11590,2015-08-18 23:36:00
11596,2015-08-19 00:36:00
11602,2015-08-19 01:36:00
11608,2015-08-19 02:36:00
11614,2015-08-19 03:36:00
11620,2015-08-19 04:36:00
11626,2015-08-19 05:36:00
11632,2015-08-19 06:36:00
11638,2015-08-19 07:36:00
11644,2015-08-19 08:36:00
11650,2015-08-19 09:36:00
11656,2015-08-19 10:36:00
11662,2015-08-19 11:36:00
11668,2015-08-19 12:36:00
11674,2015-08-19 13:36:00
11680,2015-08-19 14:36:00
11686,2015-08-19 15:36:00
11692,2015-08-19 16:36:00
11698,2015-08-19 17:36:00
11704,2015-08-19 18:36:00
11710,2015-08-19 19:36:00
11716,2015-08-19 20:36:00
11722,2015-08-19 21:36:00
11728,2015-08-19 22:36:00
11734,2015-08-19 23:36:00
11740,2015-08-20 00:36:00
11746,2015-08-20 01:36:00
11752,2015-08-20 02:36:00
11758,2015-08-20 03:36:00
11764,2015-08-20 04:36:00
11770,2015-08-20 05:36:00
11776,2015-08-20 06:36:00
11782,2015-08-20 07:36:00
11788,2015-08-20 08:36:00
11794,2015-08-20 09:36:00
11800,2015-08-20 10:36:00
11806,2015-08-20 11:36:00
11812,2015-08-20 12:36:00
11818,2015-08-20 13:36:00
11824,2015-08-20 14:36:00
11830,2015-08-20 15:36:00
11836,2015-08-20 16:36:00
11842,2015-08-20 17:36:00
11848,2015-08-20 18:36:00
11854,2015-08-20 19:36:00
11860,2015-08-20 20:36:00
11866,2015-08-20 21:36:00
11872,2015-08-20 22:36:00
11878,2015-08-20 23:36:00
11884,2015-08-21 00:36:00
11890,2015-08-21 01:36:00
11896,2015-08-21 02:36:00
11902,2015-08-21 03:36:00
11908,2015-08-21 04:36:00
11914,2015-08-21 05:36:00
11920,2015-08-21 06:36:00
11926,2015-08-21 07:36:00
11932,2015-08-21 08:36:00
11938,2015-08-21 09:36:00
11944,2015-08-21 10:36:00
11950,2015-08-21 11:36:00
11956,2015-08-21 12:36:00
11962,2015-08-21 13:36:00
11968,2015-08-21 14:36:00
11974,2015-08-21 15:36:00
11980,2015-08-21 16:36:00
11986,2015-08-21 17:36:00
11992,2015-08-21 18:36:00
11998,2015-08-21 19:36:00
12004,2015-08-21 20:36:00
12010,2015-08-21 21:36:00
12016,2015-08-21 22:36:00
12022,2015-08-21 23:36:00
12028,2015-08-22 00:36:00
12034,2015-08-22 01:36:00
12040,2015-08-22 02:36:00
12046,2015-08-22 03:36:00
12052,2015-08-22 04:36:00
12058,2015-08-22 05:36:00
12064,2015-08-22 06:36:00
12070,2015-08-22 07:36:00
12076,2015-08-22 08:36:00
12082,2015-08-22 09:36:00
12088,2015-08-22 10:36:00
12094,2015-08-22 11:36:00
12100,2015-08-22 12:36:00
12106,2015-08-22 13:36:00
12112,2015-08-22 14:36:00
12118,2015-08-22 15:36:00
12124,2015-08-22 16:36:00
12130,2015-08-22 17:36:00
12136,2015-08-22 18:36:00
12142,2015-08-22 19:36:00
12148,2015-08-22 20:36:00
12154,2015-08-22 21:36:00
12160,2015-08-22 22:36:00
12166,2015-08-22 23:36:00
12172,2015-08-23 00:36:00
12178,2015-08-23 01:36:00
12184,2015-08-23 02:36:00
12190,2015-08-23 03:36:00
12196,2015-08-23 04:36:00
12202,2015-08-23 05:36:00
12208,2015-08-23 06:36:00
12214,2015-08-23 07:36:00
12220,2015-08-23 08:36:00
12226,2015-08-23 09:36:00
12232,2015-08-23 10:36:00
12238,2015-08-23 11:36:00
12244,2015-08-23 12:36:00
12250,2015-08-23 13:36:00
12256,2015-08-23 14:36:00
12262,2015-08-23 15:36:00
12268,2015-08-23 16:36:00
12274,2015-08-23 17:36:00
12280,2015-08-23 18:36:00
12286,2015-08-23 19:36:00
12292,2015-08-23 20:36:00
12298,2015-08-23 21:36:00
12304,2015-08-23 22:36:00
12310,2015-08-23 23:36:00
12316,2015-08-24 00:36:00
12322,2015-08-24 01:36:00
12328,2015-08-24 02:36:00
12334,2015-08-24 03:36:00
12340,2015-08-24 04:36:00
12346,2015-08-24 05:36:00
12352,2015-08-24 06:36:00
12358,2015-08-24 07:36:00
12364,2015-08-24 08:36:00
12370,2015-08-24 09:36:00
12376,2015-08-24 10:36:00
12382,2015-08-24 11:36:00
12388,2015-08-24 12:36:00
12394,2015-08-24 13:36:00
12400,2015-08-24 14:36:00
12406,2015-08-24 15:36:00
12412,2015-08-24 16:36:00
12418,2015-08-24 17:36:00
12424,2015-08-24 18:36:00
12430,2015-08-24 19:36:00
12436,2015-08-24 20:36:00
12442,2015-08-24 21:36:00
12448,2015-08-24 22:36:00
12454,2015-08-24 23:36:00
12460,2015-08-25 00:36:00
12466,2015-08-25 01:36:00
12472,2015-08-25 02:36:00
12478,2015-08-25 03:36:00
12484,2015-08-25 04:36:00
12490,2015-08-25 05:36:00
12496,2015-08-25 06:36:00
12502,2015-08-25 07:36:00
12508,2015-08-25 08:36:00
12514,2015-08-25 09:36:00
12520,2015-08-25 10:36:00
12526,2015-08-25 11:36:00
12532,2015-08-25 12:36:00
12538,2015-08-25 13:36:00
12544,2015-08-25 14:36:00
12550,2015-08-25 15:36:00
12556,2015-08-25 16:36:00
12562,2015-08-25 17:36:00
12568,2015-08-25 18:36:00
12574,2015-08-25 19:36:00
12580,2015-08-25 20:36:00
12586,2015-08-25 21:36:00
12592,2015-08-25 22:36:00
12598,2015-08-25 23:36:00
12604,2015-08-26 00:36:00
12610,2015-08-26 01:36:00
12616,2015-08-26 02:36:00
12622,2015-08-26 03:36:00
12628,2015-08-26 04:36:00
12634,2015-08-26 05:36:00
12640,2015-08-26 06:36:00
12646,2015-08-26 07:36:00
12652,2015-08-26 08:36:00
12658,2015-08-26 09:36:00
12664,2015-08-26 10:36:00
12670,2015-08-26 11:36:00
12676,2015-08-26 12:36:00
12682,2015-08-26 13:36:00
12688,2015-08-26 14:36:00
12694,2015-08-26 15:36:00
12700,2015-08-26 16:36:00
12706,2015-08-26 17:36:00
12712,2015-08-26 18:36:00
12718,2015-08-26 19:36:00
12724,2015-08-26 20:36:00
12730,2015-08-26 21:36:00
12736,2015-08-26 22:36:00
12742,2015-08-26 23:36:00
12748,2015-08-27 00:36:00
12754,2015-08-27 01:36:00
12760,2015-08-27 02:36:00
12766,2015-08-27 03:36:00
12772,2015-08-27 04:36:00
12778,2015-08-27 05:36:00
12784,2015-08-27 06:36:00
12790,2015-08-27 07:36:00
12796,2015-08-27 08:36:00
12802,2015-08-27 09:36:00
12808,2015-08-27 10:36:00
12814,2015-08-27 11:36:00
12820,2015-08-27 12:36:00
12826,2015-08-27 13:36:00
12832,2015-08-27 14:36:00
12838,2015-08-27 15:36:00
12844,2015-08-27 16:36:00
12850,2015-08-27 17:36:00
12856,2015-08-27 18:36:00
12862,2015-08-27 19:36:00
12868,2015-08-27 20:36:00
12874,2015-08-27 21:36:00
12880,2015-08-27 22:36:00
12886,2015-08-27 23:36:00
12892,2015-08-28 00:36:00
12898,2015-08-28 01:36:00
12904,2015-08-28 02:36:00
12910,2015-08-28 03:36:00
12916,2015-08-28 04:36:00
12922,2015-08-28 05:36:00
12928,2015-08-28 06:36:00
12934,2015-08-28 07:36:00
12940,2015-08-28 08:36:00
12946,2015-08-28 09:36:00
12952,2015-08-28 10:36:00
12958,2015-08-28 11:36:00
12964,2015-08-28 12:36:00
12970,2015-08-28 13:36:00
12976,2015-08-28 14:36:00
12982,2015-08-28 15:36:00
12988,2015-08-28 16:36:00
12994,2015-08-28 17:36:00
13000,2015-08-28 18:36:00
13006,2015-08-28 19:36:00
13012,2015-08-28 20:36:00
13018,2015-08-28 21:36:00
13024,2015-08-28 22:36:00
13030,2015-08-28 23:36:00
13036,2015-08-29 00:36:00
13042,2015-08-29 01:36:00
13048,2015-08-29 02:36:00
13054,2015-08-29 03:36:00
13060,2015-08-29 04:36:00
13066,2015-08-29 05:36:00
13072,2015-08-29 06:36:00
13078,2015-08-29 07:36:00
13084,2015-08-29 08:36:00
13090,2015-08-29 09:36:00
13096,2015-08-29 10:36:00
13102,2015-08-29 11:36:00
13108,2015-08-29 12:36:00
13114,2015-08-29 13:36:00
13120,2015-08-29 14:36:00
13126,2015-08-29 15:36:00
13132,2015-08-29 16:36:00
13138,2015-08-29 17:36:00
13144,2015-08-29 18:36:00
13150,2015-08-29 19:36:00
13156,2015-08-29 20:36:00
13162,2015-08-29 21:36:00
13168,2015-08-29 22:36:00
13174,2015-08-29 23:36:00
13180,2015-08-30 00:36:00
13186,2015-08-30 01:36:00
13192,2015-08-30 02:36:00
13198,2015-08-30 03:36:00
13204,2015-08-30 04:36:00
13210,2015-08-30 05:36:00
13216,2015-08-30 06:36:00
13222,2015-08-30 07:36:00
13228,2015-08-30 08:36:00
13234,2015-08-30 09:36:00
13240,2015-08-30 10:36:00
13246,2015-08-30 11:36:00
13252,2015-08-30 12:36:00
13258,2015-08-30 13:36:00
13264,2015-08-30 14:36:00
13270,2015-08-30 15:36:00
13276,2015-08-30 16:36:00
13282,2015-08-30 17:36:00
13288,2015-08-30 18:36:00
13294,2015-08-30 19:36:00
13300,2015-08-30 20:36:00
13306,2015-08-30 21:36:00
13312,2015-08-30 22:36:00
13318,2015-08-30 23:36:00
13324,2015-08-31 00:36:00
13330,2015-08-31 01:36:00
13336,2015-08-31 02:36:00
13342,2015-08-31 03:36:00
13348,2015-08-31 04:36:00
13354,2015-08-31 05:36:00
13360,2015-08-31 06:36:00
13366,2015-08-31 07:36:00
13372,2015-08-31 08:36:00
13378,2015-08-31 09:36:00
13384,2015-08-31 10:36:00
13390,2015-08-31 11:36:00
13396,2015-08-31 12:36:00
13402,2015-08-31 13:36:00
13408,2015-08-31 14:36:00
13414,2015-08-31 15:36:00
13420,2015-08-31 16:36:00
13426,2015-08-31 17:36:00
13432,2015-08-31 18:36:00
13438,2015-08-31 19:36:00
13444,2015-08-31 20:36:00
13450,2015-08-31 21:36:00
13456,2015-08-31 22:36:00
13462,2015-08-31 23:36:00
13468,2015-09-01 00:36:00
13474,2015-09-01 01:36:00
13480,2015-09-01 02:36:00
13486,2015-09-01 03:36:00
13492,2015-09-01 04:36:00
13498,2015-09-01 05:36:00
13504,2015-09-01 06:36:00
13510,2015-09-01 07:36:00
13516,2015-09-01 08:36:00
13522,2015-09-01 09:36:00
13528,2015-09-01 10:36:00
13534,2015-09-01 11:36:00
13540,2015-09-01 12:36:00
13546,2015-09-01 13:36:00
13552,2015-09-01 14:36:00
13558,2015-09-01 15:36:00
13564,2015-09-01 16:36:00
13570,2015-09-01 17:36:00
13576,2015-09-01 18:36:00
13582,2015-09-01 19:36:00
13588,2015-09-01 20:36:00
13594,2015-09-01 21:36:00
13600,2015-09-01 22:36:00
13606,2015-09-01 23:36:00
13612,2015-09-02 00:36:00
13618,2015-09-02 01:36:00
13624,2015-09-02 02:36:00
13630,2015-09-02 03:36:00
13636,2015-09-02 04:36:00
13642,2015-09-02 05:36:00
13648,2015-09-02 06:36:00
13654,2015-09-02 07:36:00
13660,2015-09-02 08:36:00
13666,2015-09-02 09:36:00
13672,2015-09-02 10:36:00
13678,2015-09-02 11:36:00
13684,2015-09-02 12:36:00
13690,2015-09-02 13:36:00
13696,2015-09-02 14:36:00
13702,2015-09-02 15:36:00
13708,2015-09-02 16:36:00
13714,2015-09-02 17:36:00
13720,2015-09-02 18:36:00
13726,2015-09-02 19:36:00
13732,2015-09-02 20:36:00
13738,2015-09-02 21:36:00
13744,2015-09-02 22:36:00
13750,2015-09-02 23:36:00
13756,2015-09-03 00:36:00
13762,2015-09-03 01:36:00
13768,2015-09-03 02:36:00
13774,2015-09-03 03:36:00
13780,2015-09-03 04:36:00
13786,2015-09-03 05:36:00
13792,2015-09-03 06:36:00
13798,2015-09-03 07:36:00
13804,2015-09-03 08:36:00
13810,2015-09-03 09:36:00
13816,2015-09-03 10:36:00
13822,2015-09-03 11:36:00
13828,2015-09-03 12:36:00
13834,2015-09-03 13:36:00
13840,2015-09-03 14:36:00
13846,2015-09-03 15:36:00
13852,2015-09-03 16:36:00
13858,2015-09-03 17:36:00
13864,2015-09-03 18:36:00
13870,2015-09-03 19:36:00
13876,2015-09-03 20:36:00
13882,2015-09-03 21:36:00
13888,2015-09-03 22:36:00
13894,2015-09-03 23:36:00
13900,2015-09-04 00:36:00
13906,2015-09-04 01:36:00
13912,2015-09-04 02:36:00
13918,2015-09-04 03:36:00
13924,2015-09-04 04:36:00
13930,2015-09-04 05:36:00
13936,2015-09-04 06:36:00
13942,2015-09-04 07:36:00
13948,2015-09-04 08:36:00
13954,2015-09-04 09:36:00
13960,2015-09-04 10:36:00
13966,2015-09-04 11:36:00
13972,2015-09-04 12:36:00
13978,2015-09-04 13:36:00
13984,2015-09-04 14:36:00
13990,2015-09-04 15:36:00
13996,2015-09-04 16:36:00
14002,2015-09-04 17:36:00
14008,2015-09-04 18:36:00
14014,2015-09-04 19:36:00
14020,2015-09-04 20:36:00
14026,2015-09-04 21:36:00
14032,2015-09-04 22:36:00
14038,2015-09-04 23:36:00
14044,2015-09-05 00:36:00
14050,2015-09-05 01:36:00
14056,2015-09-05 02:36:00
14062,2015-09-05 03:36:00
14068,2015-09-05 04:36:00
14074,2015-09-05 05:36:00
14080,2015-09-05 06:36:00
14086,2015-09-05 07:36:00
14092,2015-09-05 08:36:00
14098,2015-09-05 09:36:00
14104,2015-09-05 10:36:00
14110,2015-09-05 11:36:00
14116,2015-09-05 12:36:00
14122,2015-09-05 13:36:00
14128,2015-09-05 14:36:00
14134,2015-09-05 15:36:00
14140,2015-09-05 16:36:00
14146,2015-09-05 17:36:00
14152,2015-09-05 18:36:00
14158,2015-09-05 19:36:00
14164,2015-09-05 20:36:00
14170,2015-09-05 21:36:00
14176,2015-09-05 22:36:00
14182,2015-09-05 23:36:00
14188,2015-09-06 00:36:00
14194,2015-09-06 01:36:00
14200,2015-09-06 02:36:00
14206,2015-09-06 03:36:00
14212,2015-09-06 04:36:00
14218,2015-09-06 05:36:00
14224,2015-09-06 06:36:00
14230,2015-09-06 07:36:00
14236,2015-09-06 08:36:00
14242,2015-09-06 09:36:00
14248,2015-09-06 10:36:00
14254,2015-09-06 11:36:00
14260,2015-09-06 12:36:00
14266,2015-09-06 13:36:00
14272,2015-09-06 14:36:00
14278,2015-09-06 15:36:00
14284,2015-09-06 16:36:00
14290,2015-09-06 17:36:00
14296,2015-09-06 18:36:00
14302,2015-09-06 19:36:00
14308,2015-09-06 20:36:00
14314,2015-09-06 21:36:00
14320,2015-09-06 22:36:00
14326,2015-09-06 23:36:00
14332,2015-09-07 00:36:00
14338,2015-09-07 01:36:00
14344,2015-09-07 02:36:00
14350,2015-09-07 03:36:00
14356,2015-09-07 04:36:00
14362,2015-09-07 05:36:00
14368,2015-09-07 06:36:00
14374,2015-09-07 07:36:00
14380,2015-09-07 08:36:00
14386,2015-09-07 09:36:00
14392,2015-09-07 10:36:00
14398,2015-09-07 11:36:00
14404,2015-09-07 12:36:00
14410,2015-09-07 13:36:00
14416,2015-09-07 14:36:00
14422,2015-09-07 15:36:00
14428,2015-09-07 16:36:00
14434,2015-09-07 17:36:00
14440,2015-09-07 18:36:00
14446,2015-09-07 19:36:00
14452,2015-09-07 20:36:00
14458,2015-09-07 21:36:00
14464,2015-09-07 22:36:00
14470,2015-09-07 23:36:00
14476,2015-09-08 00:36:00
14482,2015-09-08 01:36:00
14488,2015-09-08 02:36:00
14494,2015-09-08 03:36:00
14500,2015-09-08 04:36:00
14506,2015-09-08 05:36:00
14512,2015-09-08 06:36:00
14518,2015-09-08 07:36:00
14524,2015-09-08 08:36:00
14530,2015-09-08 09:36:00
14536,2015-09-08 10:36:00
14542,2015-09-08 11:36:00
14548,2015-09-08 12:36:00
14554,2015-09-08 13:36:00
14560,2015-09-08 14:36:00
14566,2015-09-08 15:36:00
14572,2015-09-08 16:36:00
14578,2015-09-08 17:36:00
14584,2015-09-08 18:36:00
14590,2015-09-08 19:36:00
14596,2015-09-08 20:36:00
14602,2015-09-08 21:36:00
14608,2015-09-08 22:36:00
14614,2015-09-08 23:36:00
14620,2015-09-09 00:36:00
14626,2015-09-09 01:36:00
14632,2015-09-09 02:36:00
14638,2015-09-09 03:36:00
14644,2015-09-09 04:36:00
14650,2015-09-09 05:36:00
14656,2015-09-09 06:36:00
14662,2015-09-09 07:36:00
14668,2015-09-09 08:36:00
14674,2015-09-09 09:36:00
14680,2015-09-09 10:36:00
14686,2015-09-09 11:36:00
14692,2015-09-09 12:36:00
14698,2015-09-09 13:36:00
14704,2015-09-09 14:36:00
14710,2015-09-09 15:36:00
14716,2015-09-09 16:36:00
14722,2015-09-09 17:36:00
14728,2015-09-09 18:36:00
14734,2015-09-09 19:36:00
14740,2015-09-09 20:36:00
14746,2015-09-09 21:36:00
14752,2015-09-09 22:36:00
14758,2015-09-09 23:36:00
14764,2015-09-10 00:36:00
14770,2015-09-10 01:36:00
14776,2015-09-10 02:36:00
14782,2015-09-10 03:36:00
14788,2015-09-10 04:36:00
14794,2015-09-10 05:36:00
14800,2015-09-10 06:36:00
14806,2015-09-10 07:36:00
14812,2015-09-10 08:36:00
14818,2015-09-10 09:36:00
14824,2015-09-10 10:36:00
14830,2015-09-10 11:36:00
14836,2015-09-10 12:36:00
14842,2015-09-10 13:36:00
14848,2015-09-10 14:36:00
14854,2015-09-10 15:36:00
14860,2015-09-10 16:36:00
14866,2015-09-10 17:36:00
14872,2015-09-10 18:36:00
14878,2015-09-10 19:36:00
14884,2015-09-10 20:36:00
14890,2015-09-10 21:36:00
14896,2015-09-10 22:36:00
14902,2015-09-10 23:36:00
14908,2015-09-11 00:36:00
14914,2015-09-11 01:36:00
14920,2015-09-11 02:36:00
14926,2015-09-11 03:36:00
14932,2015-09-11 04:36:00
14938,2015-09-11 05:36:00
14944,2015-09-11 06:36:00
14950,2015-09-11 07:36:00
14956,2015-09-11 08:36:00
14962,2015-09-11 09:36:00
14968,2015-09-11 10:36:00
14974,2015-09-11 11:36:00
14980,2015-09-11 12:36:00
14986,2015-09-11 13:36:00
14992,2015-09-11 14:36:00
14998,2015-09-11 15:36:00
15004,2015-09-11 16:36:00
15010,2015-09-11 17:36:00
15016,2015-09-11 18:36:00
15022,2015-09-11 19:36:00
15028,2015-09-11 20:36:00
15034,2015-09-11 21:36:00
15040,2015-09-11 22:36:00
15046,2015-09-11 23:36:00
15052,2015-09-12 00:36:00
15058,2015-09-12 01:36:00
15064,2015-09-12 02:36:00
15070,2015-09-12 03:36:00
15076,2015-09-12 04:36:00
15082,2015-09-12 05:36:00
15088,2015-09-12 06:36:00
15094,2015-09-12 07:36:00
15100,2015-09-12 08:36:00
15106,2015-09-12 09:36:00
15112,2015-09-12 10:36:00
15118,2015-09-12 11:36:00
15124,2015-09-12 12:36:00
15130,2015-09-12 13:36:00
15136,2015-09-12 14:36:00
15142,2015-09-12 15:36:00
15148,2015-09-12 16:36:00
15154,2015-09-12 17:36:00
15160,2015-09-12 18:36:00
15166,2015-09-12 19:36:00
15172,2015-09-12 20:36:00
15178,2015-09-12 21:36:00
15184,2015-09-12 22:36:00
15190,2015-09-12 23:36:00
15196,2015-09-13 00:36:00
15202,2015-09-13 01:36:00
15208,2015-09-13 02:36:00
15214,2015-09-13 03:36:00
15220,2015-09-13 04:36:00
15226,2015-09-13 05:36:00
15232,2015-09-13 06:36:00
15238,2015-09-13 07:36:00
15244,2015-09-13 08:36:00
15250,2015-09-13 09:36:00
15256,2015-09-13 10:36:00
15262,2015-09-13 11:36:00
15268,2015-09-13 12:36:00
15274,2015-09-13 13:36:00
15280,2015-09-13 14:36:00
15286,2015-09-13 15:36:00
15292,2015-09-13 16:36:00
15298,2015-09-13 17:36:00
15304,2015-09-13 18:36:00
15310,2015-09-13 19:36:00
15316,2015-09-13 20:36:00
15322,2015-09-13 21:36:00
15328,2015-09-13 22:36:00
15334,2015-09-13 23:36:00
15340,2015-09-14 00:36:00
15346,2015-09-14 01:36:00
15352,2015-09-14 02:36:00
15358,2015-09-14 03:36:00
15364,2015-09-14 04:36:00
15370,2015-09-14 05:36:00
15376,2015-09-14 06:36:00
15382,2015-09-14 07:36:00
15388,2015-09-14 08:36:00
15394,2015-09-14 09:36:00
15400,2015-09-14 10:36:00
15406,2015-09-14 11:36:00
15412,2015-09-14 12:36:00
15418,2015-09-14 13:36:00
15424,2015-09-14 14:36:00
15430,2015-09-14 15:36:00
15436,2015-09-14 16:36:00
15442,2015-09-14 17:36:00
15448,2015-09-14 18:36:00
15454,2015-09-14 19:36:00
15460,2015-09-14 20:36:00
15466,2015-09-14 21:36:00
15472,2015-09-14 22:36:00
15478,2015-09-14 23:36:00
15484,2015-09-15 00:36:00
15490,2015-09-15 01:36:00
15496,2015-09-15 02:36:00
15502,2015-09-15 03:36:00
15508,2015-09-15 04:36:00
15514,2015-09-15 05:36:00
15520,2015-09-15 06:36:00
15526,2015-09-15 07:36:00
15532,2015-09-15 08:36:00
15538,2015-09-15 09:36:00
15544,2015-09-15 10:36:00
15550,2015-09-15 11:36:00
15556,2015-09-15 12:36:00
15562,2015-09-15 13:36:00
15568,2015-09-15 14:36:00
15574,2015-09-15 15:36:00
15580,2015-09-15 16:36:00
15586,2015-09-15 17:36:00
15592,2015-09-15 18:36:00
15598,2015-09-15 19:36:00
15604,2015-09-15 20:36:00
15610,2015-09-15 21:36:00
15616,2015-09-15 22:36:00
15622,2015-09-15 23:36:00
15628,2015-09-16 00:36:00
15634,2015-09-16 01:36:00
15640,2015-09-16 02:36:00
15646,2015-09-16 03:36:00
15652,2015-09-16 04:36:00
15658,2015-09-16 05:36:00
15664,2015-09-16 06:36:00
15670,2015-09-16 07:36:00
15676,2015-09-16 08:36:00
15682,2015-09-16 09:36:00
15688,2015-09-16 10:36:00
15694,2015-09-16 11:36:00
15700,2015-09-16 12:36:00
15706,2015-09-16 13:36:00
15712,2015-09-16 14:36:00
15718,2015-09-16 15:36:00
15724,2015-09-16 16:36:00
15730,2015-09-16 17:36:00
15736,2015-09-16 18:36:00
15742,2015-09-16 19:36:00
15748,2015-09-16 20:36:00
15754,2015-09-16 21:36:00
15760,2015-09-16 22:36:00
15766,2015-09-16 23:36:00
15772,2015-09-17 00:36:00
15778,2015-09-17 01:36:00
15784,2015-09-17 02:36:00
15790,2015-09-17 03:36:00
15796,2015-09-17 04:36:00
15802,2015-09-17 05:36:00
15808,2015-09-17 06:36:00
15814,2015-09-17 07:36:00
15820,2015-09-17 08:36:00
15826,2015-09-17 09:36:00
15832,2015-09-17 10:36:00
15838,2015-09-17 11:36:00
15844,2015-09-17 12:36:00
15850,2015-09-17 13:36:00
15856,2015-09-17 14:36:00
15862,2015-09-17 15:36:00
15868,2015-09-17 16:36:00
15874,2015-09-17 17:36:00
15880,2015-09-17 18:36:00
15886,2015-09-17 19:36:00
15892,2015-09-17 20:36:00
15898,2015-09-17 21:36:00
15904,2015-09-17 22:36:00
15910,2015-09-17 23:36:00
15916,2015-09-18 00:36:00
15922,2015-09-18 01:36:00
15928,2015-09-18 02:36:00
15934,2015-09-18 03:36:00
15940,2015-09-18 04:36:00
15946,2015-09-18 05:36:00
15952,2015-09-18 06:36:00
15958,2015-09-18 07:36:00
15964,2015-09-18 08:36:00
15970,2015-09-18 09:36:00
15976,2015-09-18 10:36:00
15982,2015-09-18 11:36:00
15988,2015-09-18 12:36:00
15994,2015-09-18 13:36:00
16000,2015-09-18 14:36:00
16006,2015-09-18 15:36:00
16012,2015-09-18 16:36:00
16018,2015-09-18 17:36:00
16024,2015-09-18 18:36:00
16030,2015-09-18 19:36:00
16036,2015-09-18 20:36:00
16042,2015-09-18 21:36:00
16048,2015-09-18 22:36:00
16054,2015-09-18 23:36:00
16060,2015-09-19 00:36:00
16066,2015-09-19 01:36:00
16072,2015-09-19 02:36:00
16078,2015-09-19 03:36:00
16084,2015-09-19 04:36:00
16090,2015-09-19 05:36:00
16096,2015-09-19 06:36:00
16102,2015-09-19 07:36:00
16108,2015-09-19 08:36:00
16114,2015-09-19 09:36:00
16120,2015-09-19 10:36:00
16126,2015-09-19 11:36:00
16132,2015-09-19 12:36:00
16138,2015-09-19 13:36:00
16144,2015-09-19 14:36:00
16150,2015-09-19 15:36:00
16156,2015-09-19 16:36:00
16162,2015-09-19 17:36:00
16168,2015-09-19 18:36:00
16174,2015-09-19 19:36:00
16180,2015-09-19 20:36:00
16186,2015-09-19 21:36:00
16192,2015-09-19 22:36:00
16198,2015-09-19 23:36:00
16204,2015-09-20 00:36:00
16210,2015-09-20 01:36:00
16216,2015-09-20 02:36:00
16222,2015-09-20 03:36:00
16228,2015-09-20 04:36:00
16234,2015-09-20 05:36:00
16240,2015-09-20 06:36:00
16246,2015-09-20 07:36:00
16252,2015-09-20 08:36:00
16258,2015-09-20 09:36:00
16264,2015-09-20 10:36:00
16270,2015-09-20 11:36:00
16276,2015-09-20 12:36:00
16282,2015-09-20 13:36:00
16288,2015-09-20 14:36:00
16294,2015-09-20 15:36:00
16300,2015-09-20 16:36:00
16306,2015-09-20 17:36:00
16312,2015-09-20 18:36:00
16318,2015-09-20 19:36:00
16324,2015-09-20 20:36:00
16330,2015-09-20 21:36:00
16336,2015-09-20 22:36:00
16342,2015-09-20 23:36:00
16348,2015-09-21 00:36:00
16354,2015-09-21 01:36:00
16360,2015-09-21 02:36:00
16366,2015-09-21 03:36:00
16372,2015-09-21 04:36:00
16378,2015-09-21 05:36:00
16384,2015-09-21 06:36:00
16390,2015-09-21 07:36:00
16396,2015-09-21 08:36:00
16402,2015-09-21 09:36:00
16408,2015-09-21 10:36:00
16414,2015-09-21 11:36:00
16420,2015-09-21 12:36:00
16426,2015-09-21 13:36:00
16432,2015-09-21 14:36:00
16438,2015-09-21 15:36:00
16444,2015-09-21 16:36:00
16450,2015-09-21 17:36:00
16456,2015-09-21 18:36:00
16462,2015-09-21 19:36:00
16468,2015-09-21 20:36:00
16474,2015-09-21 21:36:00
16480,2015-09-21 22:36:00
16486,2015-09-21 23:36:00
16492,2015-09-22 00:36:00
16498,2015-09-22 01:36:00
16504,2015-09-22 02:36:00
16510,2015-09-22 03:36:00
16516,2015-09-22 04:36:00
16522,2015-09-22 05:36:00
16528,2015-09-22 06:36:00
16534,2015-09-22 07:36:00
16540,2015-09-22 08:36:00
16546,2015-09-22 09:36:00
16552,2015-09-22 10:36:00
16558,2015-09-22 11:36:00
16564,2015-09-22 12:36:00
16570,2015-09-22 13:36:00
16576,2015-09-22 14:36:00
16582,2015-09-22 15:36:00
16588,2015-09-22 16:36:00
16594,2015-09-22 17:36:00
16600,2015-09-22 18:36:00
16606,2015-09-22 19:36:00
16612,2015-09-22 20:36:00
16618,2015-09-22 21:36:00
16624,2015-09-22 22:36:00
16630,2015-09-22 23:36:00
16636,2015-09-23 00:36:00
16642,2015-09-23 01:36:00
16648,2015-09-23 02:36:00
16654,2015-09-23 03:36:00
16660,2015-09-23 04:36:00
16666,2015-09-23 05:36:00
16672,2015-09-23 06:36:00
16678,2015-09-23 07:36:00
16684,2015-09-23 08:36:00
16690,2015-09-23 09:36:00
16696,2015-09-23 10:36:00
16702,2015-09-23 11:36:00
16708,2015-09-23 12:36:00
16714,2015-09-23 13:36:00
16720,2015-09-23 14:36:00
16726,2015-09-23 15:36:00
16732,2015-09-23 16:36:00
16738,2015-09-23 17:36:00
16744,2015-09-23 18:36:00
16750,2015-09-23 19:36:00
16756,2015-09-23 20:36:00
16762,2015-09-23 21:36:00
16768,2015-09-23 22:36:00
16774,2015-09-23 23:36:00
16780,2015-09-24 00:36:00
16786,2015-09-24 01:36:00
16792,2015-09-24 02:36:00
16798,2015-09-24 03:36:00
16804,2015-09-24 04:36:00
16810,2015-09-24 05:36:00
16816,2015-09-24 06:36:00
16822,2015-09-24 07:36:00
16828,2015-09-24 08:36:00
16834,2015-09-24 09:36:00
16840,2015-09-24 10:36:00
16846,2015-09-24 11:36:00
16852,2015-09-24 12:36:00
16858,2015-09-24 13:36:00
16864,2015-09-24 14:36:00
16870,2015-09-24 15:36:00
16876,2015-09-24 16:36:00
16882,2015-09-24 17:36:00
16888,2015-09-24 18:36:00
16894,2015-09-24 19:36:00
16900,2015-09-24 20:36:00
16906,2015-09-24 21:36:00
16912,2015-09-24 22:36:00
16918,2015-09-24 23:36:00
16924,2015-09-25 00:36:00
16930,2015-09-25 01:36:00
16936,2015-09-25 02:36:00
16942,2015-09-25 03:36:00
16948,2015-09-25 04:36:00
16954,2015-09-25 05:36:00
16960,2015-09-25 06:36:00
16966,2015-09-25 07:36:00
16972,2015-09-25 08:36:00
16978,2015-09-25 09:36:00
16984,2015-09-25 10:36:00
16990,2015-09-25 11:36:00
16996,2015-09-25 12:36:00
17002,2015-09-25 13:36:00
17008,2015-09-25 14:36:00
17014,2015-09-25 15:36:00
17020,2015-09-25 16:36:00
17026,2015-09-25 17:36:00
17032,2015-09-25 18:36:00
17038,2015-09-25 19:36:00
17044,2015-09-25 20:36:00
17050,2015-09-25 21:36:00
17056,2015-09-25 22:36:00
17062,2015-09-25 23:36:00
17068,2015-09-26 00:36:00
17074,2015-09-26 01:36:00
17080,2015-09-26 02:36:00
17086,2015-09-26 03:36:00
17092,2015-09-26 04:36:00
17098,2015-09-26 05:36:00
17104,2015-09-26 06:36:00
17110,2015-09-26 07:36:00
17116,2015-09-26 08:36:00
17122,2015-09-26 09:36:00
17128,2015-09-26 10:36:00
17134,2015-09-26 11:36:00
17140,2015-09-26 12:36:00
17146,2015-09-26 13:36:00
17152,2015-09-26 14:36:00
17158,2015-09-26 15:36:00
17164,2015-09-26 16:36:00
17170,2015-09-26 17:36:00
17176,2015-09-26 18:36:00
17182,2015-09-26 19:36:00
17188,2015-09-26 20:36:00
17194,2015-09-26 21:36:00
17200,2015-09-26 22:36:00
17206,2015-09-26 23:36:00
17212,2015-09-27 00:36:00
17218,2015-09-27 01:36:00
17224,2015-09-27 02:36:00
17230,2015-09-27 03:36:00
17236,2015-09-27 04:36:00
17242,2015-09-27 05:36:00
17248,2015-09-27 06:36:00
17254,2015-09-27 07:36:00
17260,2015-09-27 08:36:00
17266,2015-09-27 09:36:00
17272,2015-09-27 10:36:00
17278,2015-09-27 11:36:00
17284,2015-09-27 12:36:00
17290,2015-09-27 13:36:00
17296,2015-09-27 14:36:00
17302,2015-09-27 15:36:00
17308,2015-09-27 16:36:00
17314,2015-09-27 17:36:00
17320,2015-09-27 18:36:00
17326,2015-09-27 19:36:00
17332,2015-09-27 20:36:00
17338,2015-09-27 21:36:00
17344,2015-09-27 22:36:00
17350,2015-09-27 23:36:00
17356,2015-09-28 00:36:00
17362,2015-09-28 01:36:00
17368,2015-09-28 02:36:00
17374,2015-09-28 03:36:00
17380,2015-09-28 04:36:00
17386,2015-09-28 05:36:00
17392,2015-09-28 06:36:00
17398,2015-09-28 07:36:00
17404,2015-09-28 08:36:00
17410,2015-09-28 09:36:00
17416,2015-09-28 10:36:00
17422,2015-09-28 11:36:00
17428,2015-09-28 12:36:00
17434,2015-09-28 13:36:00
17440,2015-09-28 14:36:00
17446,2015-09-28 15:36:00
17452,2015-09-28 16:36:00
17458,2015-09-28 17:36:00
17464,2015-09-28 18:36:00
17470,2015-09-28 19:36:00
17476,2015-09-28 20:36:00
17482,2015-09-28 21:36:00
17488,2015-09-28 22:36:00
17494,2015-09-28 23:36:00
17500,2015-09-29 00:36:00
17506,2015-09-29 01:36:00
17512,2015-09-29 02:36:00
17518,2015-09-29 03:36:00
17524,2015-09-29 04:36:00
17530,2015-09-29 05:36:00
17536,2015-09-29 06:36:00
17542,2015-09-29 07:36:00
17548,2015-09-29 08:36:00
17554,2015-09-29 09:36:00
17560,2015-09-29 10:36:00
17566,2015-09-29 11:36:00
17572,2015-09-29 12:36:00
17578,2015-09-29 13:36:00
17584,2015-09-29 14:36:00
17590,2015-09-29 15:36:00
17596,2015-09-29 16:36:00
17602,2015-09-29 17:36:00
17608,2015-09-29 18:36:00
17614,2015-09-29 19:36:00
17620,2015-09-29 20:36:00
17626,2015-09-29 21:36:00
17632,2015-09-29 22:36:00
17638,2015-09-29 23:36:00
17644,2015-09-30 00:36:00
17650,2015-09-30 01:36:00
17656,2015-09-30 02:36:00
17662,2015-09-30 03:36:00
17668,2015-09-30 04:36:00
17674,2015-09-30 05:36:00
17680,2015-09-30 06:36:00
17686,2015-09-30 07:36:00
17692,2015-09-30 08:36:00
17698,2015-09-30 09:36:00
17704,2015-09-30 10:36:00
17710,2015-09-30 11:36:00
17716,2015-09-30 12:36:00
17722,2015-09-30 13:36:00
17728,2015-09-30 14:36:00
17734,2015-09-30 15:36:00
17740,2015-09-30 16:36:00
17746,2015-09-30 17:36:00
17752,2015-09-30 18:36:00
17758,2015-09-30 19:36:00
17764,2015-09-30 20:36:00
17770,2015-09-30 21:36:00
17776,2015-09-30 22:36:00
17782,2015-09-30 23:36:00
17788,2015-10-01 00:36:00
17794,2015-10-01 01:36:00
17800,2015-10-01 02:36:00
17806,2015-10-01 03:36:00
17812,2015-10-01 04:36:00
17818,2015-10-01 05:36:00
17824,2015-10-01 06:36:00
17830,2015-10-01 07:36:00
17836,2015-10-01 08:36:00
17842,2015-10-01 09:36:00
17848,2015-10-01 10:36:00
17854,2015-10-01 11:36:00
17860,2015-10-01 12:36:00
17866,2015-10-01 13:36:00
17872,2015-10-01 14:36:00
17878,2015-10-01 15:36:00
17884,2015-10-01 16:36:00
17890,2015-10-01 17:36:00
17896,2015-10-01 18:36:00
17902,2015-10-01 19:36:00
17908,2015-10-01 20:36:00
17914,2015-10-01 21:36:00
17920,2015-10-01 22:36:00
17926,2015-10-01 23:36:00
17932,2015-10-02 00:36:00
17938,2015-10-02 01:36:00
17944,2015-10-02 02:36:00
17950,2015-10-02 03:36:00
17956,2015-10-02 04:36:00
17962,2015-10-02 05:36:00
17968,2015-10-02 06:36:00
17974,2015-10-02 07:36:00
17980,2015-10-02 08:36:00
17986,2015-10-02 09:36:00
17992,2015-10-02 10:36:00
17998,2015-10-02 11:36:00
18004,2015-10-02 12:36:00
18010,2015-10-02 13:36:00
18016,2015-10-02 14:36:00
18022,2015-10-02 15:36:00
18028,2015-10-02 16:36:00
18034,2015-10-02 17:36:00
18040,2015-10-02 18:36:00
18046,2015-10-02 19:36:00
18052,2015-10-02 20:36:00
18058,2015-10-02 21:36:00
18064,2015-10-02 22:36:00
18070,2015-10-02 23:36:00
18076,2015-10-03 00:36:00
18082,2015-10-03 01:36:00
18088,2015-10-03 02:36:00
18094,2015-10-03 03:36:00
18100,2015-10-03 04:36:00
18106,2015-10-03 05:36:00
18112,2015-10-03 06:36:00
18118,2015-10-03 07:36:00
18124,2015-10-03 08:36:00
18130,2015-10-03 09:36:00
18136,2015-10-03 10:36:00
18142,2015-10-03 11:36:00
18148,2015-10-03 12:36:00
18154,2015-10-03 13:36:00
18160,2015-10-03 14:36:00
18166,2015-10-03 15:36:00
18172,2015-10-03 16:36:00
18178,2015-10-03 17:36:00
18184,2015-10-03 18:36:00
18190,2015-10-03 19:36:00
18196,2015-10-03 20:36:00
18202,2015-10-03 21:36:00
18208,2015-10-03 22:36:00
18214,2015-10-03 23:36:00
18220,2015-10-04 00:36:00
18226,2015-10-04 01:36:00
18232,2015-10-04 02:36:00
18238,2015-10-04 03:36:00
18244,2015-10-04 04:36:00
18250,2015-10-04 05:36:00
18256,2015-10-04 06:36:00
18262,2015-10-04 07:36:00
18268,2015-10-04 08:36:00
18274,2015-10-04 09:36:00
18280,2015-10-04 10:36:00
18286,2015-10-04 11:36:00
18292,2015-10-04 12:36:00
18298,2015-10-04 13:36:00
18304,2015-10-04 14:36:00
18310,2015-10-04 15:36:00
18316,2015-10-04 16:36:00
18322,2015-10-04 17:36:00
18328,2015-10-04 18:36:00
18334,2015-10-04 19:36:00
18340,2015-10-04 20:36:00
18346,2015-10-04 21:36:00
18352,2015-10-04 22:36:00
18358,2015-10-04 23:36:00
18364,2015-10-05 00:36:00
18370,2015-10-05 01:36:00
18376,2015-10-05 02:36:00
18382,2015-10-05 03:36:00
18388,2015-10-05 04:36:00
18394,2015-10-05 05:36:00
18400,2015-10-05 06:36:00
18406,2015-10-05 07:36:00
18412,2015-10-05 08:36:00
18418,2015-10-05 09:36:00
18424,2015-10-05 10:36:00
18430,2015-10-05 11:36:00
18436,2015-10-05 12:36:00
18442,2015-10-05 13:36:00
18448,2015-10-05 14:36:00
18454,2015-10-05 15:36:00
18460,2015-10-05 16:36:00
18466,2015-10-05 17:36:00
18472,2015-10-05 18:36:00
18478,2015-10-05 19:36:00
18484,2015-10-05 20:36:00
18490,2015-10-05 21:36:00
18496,2015-10-05 22:36:00
18502,2015-10-05 23:36:00
18508,2015-10-06 00:36:00
18514,2015-10-06 01:36:00
18520,2015-10-06 02:36:00
18526,2015-10-06 03:36:00
18532,2015-10-06 04:36:00
18538,2015-10-06 05:36:00
18544,2015-10-06 06:36:00
18550,2015-10-06 07:36:00
18556,2015-10-06 08:36:00
18562,2015-10-06 09:36:00
18568,2015-10-06 10:36:00
18574,2015-10-06 11:36:00
18580,2015-10-06 12:36:00
18586,2015-10-06 13:36:00
18592,2015-10-06 14:36:00
18598,2015-10-06 15:36:00
18604,2015-10-06 16:36:00
18610,2015-10-06 17:36:00
18616,2015-10-06 18:36:00
18622,2015-10-06 19:36:00
18628,2015-10-06 20:36:00
18634,2015-10-06 21:36:00
18640,2015-10-06 22:36:00
18646,2015-10-06 23:36:00
18652,2015-10-07 00:36:00
18658,2015-10-07 01:36:00
18664,2015-10-07 02:36:00
18670,2015-10-07 03:36:00
18676,2015-10-07 04:36:00
18682,2015-10-07 05:36:00
18688,2015-10-07 06:36:00
18694,2015-10-07 07:36:00
18700,2015-10-07 08:36:00
18706,2015-10-07 09:36:00
18712,2015-10-07 10:36:00
18718,2015-10-07 11:36:00
18724,2015-10-07 12:36:00
18730,2015-10-07 13:36:00
18736,2015-10-07 14:36:00
18742,2015-10-07 15:36:00
18748,2015-10-07 16:36:00
18754,2015-10-07 17:36:00
18760,2015-10-07 18:36:00
18766,2015-10-07 19:36:00
18772,2015-10-07 20:36:00
18778,2015-10-07 21:36:00
18784,2015-10-07 22:36:00
18790,2015-10-07 23:36:00
18796,2015-10-08 00:36:00
18802,2015-10-08 01:36:00
18808,2015-10-08 02:36:00
18814,2015-10-08 03:36:00
18820,2015-10-08 04:36:00
18826,2015-10-08 05:36:00
18832,2015-10-08 06:36:00
18838,2015-10-08 07:36:00
18844,2015-10-08 08:36:00
18850,2015-10-08 09:36:00
18856,2015-10-08 10:36:00
18862,2015-10-08 11:36:00
18868,2015-10-08 12:36:00
18874,2015-10-08 13:36:00
18880,2015-10-08 14:36:00
18886,2015-10-08 15:36:00
18892,2015-10-08 16:36:00
18898,2015-10-08 17:36:00
18904,2015-10-08 18:36:00
18910,2015-10-08 19:36:00
18916,2015-10-08 20:36:00
18922,2015-10-08 21:36:00
18928,2015-10-08 22:36:00
18934,2015-10-08 23:36:00
18940,2015-10-09 00:36:00
18946,2015-10-09 01:36:00
18952,2015-10-09 02:36:00
18958,2015-10-09 03:36:00
18964,2015-10-09 04:36:00
18970,2015-10-09 05:36:00
18976,2015-10-09 06:36:00
18982,2015-10-09 07:36:00
18988,2015-10-09 08:36:00
18994,2015-10-09 09:36:00
19000,2015-10-09 10:36:00
19006,2015-10-09 11:36:00
19012,2015-10-09 12:36:00
19018,2015-10-09 13:36:00
19024,2015-10-09 14:36:00
19030,2015-10-09 15:36:00
19036,2015-10-09 16:36:00
19042,2015-10-09 17:36:00
19048,2015-10-09 18:36:00
19054,2015-10-09 19:36:00
19060,2015-10-09 20:36:00
19066,2015-10-09 21:36:00
19072,2015-10-09 22:36:00
19078,2015-10-09 23:36:00
19084,2015-10-10 00:36:00
19090,2015-10-10 01:36:00
19096,2015-10-10 02:36:00
19102,2015-10-10 03:36:00
19108,2015-10-10 04:36:00
19114,2015-10-10 05:36:00
19120,2015-10-10 06:36:00
19126,2015-10-10 07:36:00
19132,2015-10-10 08:36:00
19138,2015-10-10 09:36:00
19144,2015-10-10 10:36:00
19150,2015-10-10 11:36:00
19156,2015-10-10 12:36:00
19162,2015-10-10 13:36:00
19168,2015-10-10 14:36:00
19174,2015-10-10 15:36:00
19180,2015-10-10 16:36:00
19186,2015-10-10 17:36:00
19192,2015-10-10 18:36:00
19198,2015-10-10 19:36:00
19204,2015-10-10 20:36:00
19210,2015-10-10 21:36:00
19216,2015-10-10 22:36:00
19222,2015-10-10 23:36:00
19228,2015-10-11 00:36:00
19234,2015-10-11 01:36:00
19240,2015-10-11 02:36:00
19246,2015-10-11 03:36:00
19252,2015-10-11 04:36:00
19258,2015-10-11 05:36:00
19264,2015-10-11 06:36:00
19270,2015-10-11 07:36:00
19276,2015-10-11 08:36:00
19282,2015-10-11 09:36:00
19288,2015-10-11 10:36:00
19294,2015-10-11 11:36:00
19300,2015-10-11 12:36:00
19306,2015-10-11 13:36:00
19312,2015-10-11 14:36:00
19318,2015-10-11 15:36:00
19324,2015-10-11 16:36:00
19330,2015-10-11 17:36:00
19336,2015-10-11 18:36:00
19342,2015-10-11 19:36:00
19348,2015-10-11 20:36:00
19354,2015-10-11 21:36:00
19360,2015-10-11 22:36:00
19366,2015-10-11 23:36:00
19372,2015-10-12 00:36:00
19378,2015-10-12 01:36:00
19384,2015-10-12 02:36:00
19390,2015-10-12 03:36:00
19396,2015-10-12 04:36:00
19402,2015-10-12 05:36:00
19408,2015-10-12 06:36:00
19414,2015-10-12 07:36:00
19420,2015-10-12 08:36:00
19426,2015-10-12 09:36:00
19432,2015-10-12 10:36:00
19438,2015-10-12 11:36:00
19444,2015-10-12 12:36:00
19450,2015-10-12 13:36:00
19456,2015-10-12 14:36:00
19462,2015-10-12 15:36:00
19468,2015-10-12 16:36:00
19474,2015-10-12 17:36:00
19480,2015-10-12 18:36:00
19486,2015-10-12 19:36:00
19492,2015-10-12 20:36:00
19498,2015-10-12 21:36:00
19504,2015-10-12 22:36:00
19510,2015-10-12 23:36:00
19516,2015-10-13 00:36:00
19522,2015-10-13 01:36:00
19528,2015-10-13 02:36:00
19534,2015-10-13 03:36:00
19540,2015-10-13 04:36:00
19546,2015-10-13 05:36:00
19552,2015-10-13 06:36:00
19558,2015-10-13 07:36:00
19564,2015-10-13 08:36:00
19570,2015-10-13 09:36:00
19576,2015-10-13 10:36:00
19582,2015-10-13 11:36:00
19588,2015-10-13 12:36:00
19594,2015-10-13 13:36:00
19600,2015-10-13 14:36:00
19606,2015-10-13 15:36:00
19612,2015-10-13 16:36:00
19618,2015-10-13 17:36:00
19624,2015-10-13 18:36:00
19630,2015-10-13 19:36:00
19636,2015-10-13 20:36:00
19642,2015-10-13 21:36:00
19648,2015-10-13 22:36:00
19654,2015-10-13 23:36:00
19660,2015-10-14 00:36:00
19666,2015-10-14 01:36:00
19672,2015-10-14 02:36:00
19678,2015-10-14 03:36:00
19684,2015-10-14 04:36:00
19690,2015-10-14 05:36:00
19696,2015-10-14 06:36:00
19702,2015-10-14 07:36:00
19708,2015-10-14 08:36:00
19714,2015-10-14 09:36:00
19720,2015-10-14 10:36:00
19726,2015-10-14 11:36:00
19732,2015-10-14 12:36:00
19738,2015-10-14 13:36:00
19744,2015-10-14 14:36:00
19750,2015-10-14 15:36:00
19756,2015-10-14 16:36:00
19762,2015-10-14 17:36:00
19768,2015-10-14 18:36:00
19774,2015-10-14 19:36:00
19780,2015-10-14 20:36:00
19786,2015-10-14 21:36:00
19792,2015-10-14 22:36:00
19798,2015-10-14 23:36:00
19804,2015-10-15 00:36:00
19810,2015-10-15 01:36:00
19816,2015-10-15 02:36:00
19822,2015-10-15 03:36:00
19828,2015-10-15 04:36:00
19834,2015-10-15 05:36:00
19840,2015-10-15 06:36:00
19846,2015-10-15 07:36:00
19852,2015-10-15 08:36:00
19858,2015-10-15 09:36:00
19864,2015-10-15 10:36:00
19870,2015-10-15 11:36:00
19876,2015-10-15 12:36:00
19882,2015-10-15 13:36:00
19888,2015-10-15 14:36:00
19894,2015-10-15 15:36:00
19900,2015-10-15 16:36:00
19906,2015-10-15 17:36:00
19912,2015-10-15 18:36:00
19918,2015-10-15 19:36:00
19924,2015-10-15 20:36:00
19930,2015-10-15 21:36:00
19936,2015-10-15 22:36:00
19942,2015-10-15 23:36:00
19948,2015-10-16 00:36:00
19954,2015-10-16 01:36:00
19960,2015-10-16 02:36:00
19966,2015-10-16 03:36:00
19972,2015-10-16 04:36:00
19978,2015-10-16 05:36:00
19984,2015-10-16 06:36:00
19990,2015-10-16 07:36:00
19996,2015-10-16 08:36:00
20002,2015-10-16 09:36:00
20008,2015-10-16 10:36:00
20014,2015-10-16 11:36:00
20020,2015-10-16 12:36:00
20026,2015-10-16 13:36:00
20032,2015-10-16 14:36:00
20038,2015-10-16 15:36:00
20044,2015-10-16 16:36:00
20050,2015-10-16 17:36:00
20056,2015-10-16 18:36:00
20062,2015-10-16 19:36:00
20068,2015-10-16 20:36:00
20074,2015-10-16 21:36:00
20080,2015-10-16 22:36:00
20086,2015-10-16 23:36:00
20092,2015-10-17 00:36:00
20098,2015-10-17 01:36:00
20104,2015-10-17 02:36:00
20110,2015-10-17 03:36:00
20116,2015-10-17 04:36:00
20122,2015-10-17 05:36:00
20128,2015-10-17 06:36:00
20134,2015-10-17 07:36:00
20140,2015-10-17 08:36:00
20146,2015-10-17 09:36:00
20152,2015-10-17 10:36:00
20158,2015-10-17 11:36:00
20164,2015-10-17 12:36:00
20170,2015-10-17 13:36:00
20176,2015-10-17 14:36:00
20182,2015-10-17 15:36:00
20188,2015-10-17 16:36:00
20194,2015-10-17 17:36:00
20200,2015-10-17 18:36:00
20206,2015-10-17 19:36:00
20212,2015-10-17 20:36:00
20218,2015-10-17 21:36:00
20224,2015-10-17 22:36:00
20230,2015-10-17 23:36:00
20236,2015-10-18 00:36:00
20242,2015-10-18 01:36:00
20248,2015-10-18 02:36:00
20254,2015-10-18 03:36:00
20260,2015-10-18 04:36:00
20266,2015-10-18 05:36:00
20272,2015-10-18 06:36:00
20278,2015-10-18 07:36:00
20284,2015-10-18 08:36:00
20290,2015-10-18 09:36:00
20296,2015-10-18 10:36:00
20302,2015-10-18 11:36:00
20308,2015-10-18 12:36:00
20314,2015-10-18 13:36:00
20320,2015-10-18 14:36:00
20326,2015-10-18 15:36:00
20332,2015-10-18 16:36:00
20338,2015-10-18 17:36:00
20344,2015-10-18 18:36:00
20350,2015-10-18 19:36:00
20356,2015-10-18 20:36:00
20362,2015-10-18 21:36:00
20368,2015-10-18 22:36:00
20374,2015-10-18 23:36:00
20380,2015-10-19 00:36:00
20386,2015-10-19 01:36:00
20392,2015-10-19 02:36:00
20398,2015-10-19 03:36:00
20404,2015-10-19 04:36:00
20410,2015-10-19 05:36:00
20416,2015-10-19 06:36:00
20422,2015-10-19 07:36:00
20428,2015-10-19 08:36:00
20434,2015-10-19 09:36:00
20440,2015-10-19 10:36:00
20446,2015-10-19 11:36:00
20452,2015-10-19 12:36:00
20458,2015-10-19 13:36:00
20464,2015-10-19 14:36:00
20470,2015-10-19 15:36:00
20476,2015-10-19 16:36:00
20482,2015-10-19 17:36:00
20488,2015-10-19 18:36:00
20494,2015-10-19 19:36:00
20500,2015-10-19 20:36:00
20506,2015-10-19 21:36:00
20512,2015-10-19 22:36:00
20518,2015-10-19 23:36:00
20524,2015-10-20 00:36:00
20530,2015-10-20 01:36:00
20536,2015-10-20 02:36:00
20542,2015-10-20 03:36:00
20548,2015-10-20 04:36:00
20554,2015-10-20 05:36:00
20560,2015-10-20 06:36:00
20566,2015-10-20 07:36:00
20572,2015-10-20 08:36:00
20578,2015-10-20 09:36:00
20584,2015-10-20 10:36:00
20590,2015-10-20 11:36:00
20596,2015-10-20 12:36:00
20602,2015-10-20 13:36:00
20608,2015-10-20 14:36:00
20614,2015-10-20 15:36:00
20620,2015-10-20 16:36:00
20626,2015-10-20 17:36:00
20632,2015-10-20 18:36:00
20638,2015-10-20 19:36:00
20644,2015-10-20 20:36:00
20650,2015-10-20 21:36:00
20656,2015-10-20 22:36:00
20662,2015-10-20 23:36:00
20668,2015-10-21 00:36:00
20674,2015-10-21 01:36:00
20680,2015-10-21 02:36:00
20686,2015-10-21 03:36:00
20692,2015-10-21 04:36:00
20698,2015-10-21 05:36:00
20704,2015-10-21 06:36:00
20710,2015-10-21 07:36:00
20716,2015-10-21 08:36:00
20722,2015-10-21 09:36:00
20728,2015-10-21 10:36:00
20734,2015-10-21 11:36:00
20740,2015-10-21 12:36:00
20746,2015-10-21 13:36:00
20752,2015-10-21 14:36:00
20758,2015-10-21 15:36:00
20764,2015-10-21 16:36:00
20770,2015-10-21 17:36:00
20776,2015-10-21 18:36:00
20782,2015-10-21 19:36:00
20788,2015-10-21 20:36:00
20794,2015-10-21 21:36:00
20800,2015-10-21 22:36:00
20806,2015-10-21 23:36:00
20812,2015-10-22 00:36:00
20818,2015-10-22 01:36:00
20824,2015-10-22 02:36:00
20830,2015-10-22 03:36:00
20836,2015-10-22 04:36:00
20842,2015-10-22 05:36:00
20848,2015-10-22 06:36:00
20854,2015-10-22 07:36:00
20860,2015-10-22 08:36:00
20866,2015-10-22 09:36:00
20872,2015-10-22 10:36:00
20878,2015-10-22 11:36:00
20884,2015-10-22 12:36:00
20890,2015-10-22 13:36:00
20896,2015-10-22 14:36:00
20902,2015-10-22 15:36:00
20908,2015-10-22 16:36:00
20914,2015-10-22 17:36:00
20920,2015-10-22 18:36:00
20926,2015-10-22 19:36:00
20932,2015-10-22 20:36:00
20938,2015-10-22 21:36:00
20944,2015-10-22 22:36:00
20950,2015-10-22 23:36:00
20956,2015-10-23 00:36:00
20962,2015-10-23 01:36:00
20968,2015-10-23 02:36:00
20974,2015-10-23 03:36:00
20980,2015-10-23 04:36:00
20986,2015-10-23 05:36:00
20992,2015-10-23 06:36:00
20998,2015-10-23 07:36:00
21004,2015-10-23 08:36:00
21010,2015-10-23 09:36:00
21016,2015-10-23 10:36:00
21022,2015-10-23 11:36:00
21028,2015-10-23 12:36:00
21034,2015-10-23 13:36:00
21040,2015-10-23 14:36:00
21046,2015-10-23 15:36:00
21052,2015-10-23 16:36:00
21058,2015-10-23 17:36:00
21064,2015-10-23 18:36:00
21070,2015-10-23 19:36:00
21076,2015-10-23 20:36:00
21082,2015-10-23 21:36:00
21088,2015-10-23 22:36:00
21094,2015-10-23 23:36:00
21100,2015-10-24 00:36:00
21106,2015-10-24 01:36:00
21112,2015-10-24 02:36:00
21118,2015-10-24 03:36:00
21124,2015-10-24 04:36:00
21130,2015-10-24 05:36:00
21136,2015-10-24 06:36:00
21142,2015-10-24 07:36:00
21148,2015-10-24 08:36:00
21154,2015-10-24 09:36:00
21160,2015-10-24 10:36:00
21166,2015-10-24 11:36:00
21172,2015-10-24 12:36:00
21178,2015-10-24 13:36:00
21184,2015-10-24 14:36:00
21190,2015-10-24 15:36:00
21196,2015-10-24 16:36:00
21202,2015-10-24 17:36:00
21208,2015-10-24 18:36:00
21214,2015-10-24 19:36:00
21220,2015-10-24 20:36:00
21226,2015-10-24 21:36:00
21232,2015-10-24 22:36:00
21238,2015-10-24 23:36:00
21244,2015-10-25 00:36:00
21250,2015-10-25 01:36:00
21256,2015-10-25 02:36:00
21262,2015-10-25 03:36:00
21268,2015-10-25 04:36:00
21274,2015-10-25 05:36:00
21280,2015-10-25 06:36:00
21286,2015-10-25 07:36:00
21292,2015-10-25 08:36:00
21298,2015-10-25 09:36:00
21304,2015-10-25 10:36:00
21310,2015-10-25 11:36:00
21316,2015-10-25 12:36:00
21322,2015-10-25 13:36:00
21328,2015-10-25 14:36:00
21334,2015-10-25 15:36:00
21340,2015-10-25 16:36:00
21346,2015-10-25 17:36:00
21352,2015-10-25 18:36:00
21358,2015-10-25 19:36:00
21364,2015-10-25 20:36:00
21370,2015-10-25 21:36:00
21376,2015-10-25 22:36:00
21382,2015-10-25 23:36:00
21388,2015-10-26 00:36:00
21394,2015-10-26 01:36:00
21400,2015-10-26 02:36:00
21406,2015-10-26 03:36:00
21412,2015-10-26 04:36:00
21418,2015-10-26 05:36:00
21424,2015-10-26 06:36:00
21430,2015-10-26 07:36:00
21436,2015-10-26 08:36:00
21442,2015-10-26 09:36:00
21448,2015-10-26 10:36:00
21454,2015-10-26 11:36:00
21460,2015-10-26 12:36:00
21466,2015-10-26 13:36:00
21472,2015-10-26 14:36:00
21478,2015-10-26 15:36:00
21484,2015-10-26 16:36:00
21490,2015-10-26 17:36:00
21496,2015-10-26 18:36:00
21502,2015-10-26 19:36:00
21508,2015-10-26 20:36:00
21514,2015-10-26 21:36:00
21520,2015-10-26 22:36:00
21526,2015-10-26 23:36:00
21532,2015-10-27 00:36:00
21538,2015-10-27 01:36:00
21544,2015-10-27 02:36:00
21550,2015-10-27 03:36:00
21556,2015-10-27 04:36:00
21562,2015-10-27 05:36:00
21568,2015-10-27 06:36:00
21574,2015-10-27 07:36:00
21580,2015-10-27 08:36:00
21586,2015-10-27 09:36:00
21592,2015-10-27 10:36:00
21598,2015-10-27 11:36:00
21604,2015-10-27 12:36:00
21610,2015-10-27 13:36:00
21616,2015-10-27 14:36:00
21622,2015-10-27 15:36:00
21628,2015-10-27 16:36:00
21634,2015-10-27 17:36:00
21640,2015-10-27 18:36:00
21646,2015-10-27 19:36:00
21652,2015-10-27 20:36:00
21658,2015-10-27 21:36:00
21664,2015-10-27 22:36:00
21670,2015-10-27 23:36:00
21676,2015-10-28 00:36:00
21682,2015-10-28 01:36:00
21688,2015-10-28 02:36:00
21694,2015-10-28 03:36:00
21700,2015-10-28 04:36:00
21706,2015-10-28 05:36:00
21712,2015-10-28 06:36:00
21718,2015-10-28 07:36:00
21724,2015-10-28 08:36:00
21730,2015-10-28 09:36:00
21736,2015-10-28 10:36:00
21742,2015-10-28 11:36:00
21748,2015-10-28 12:36:00
21754,2015-10-28 13:36:00
21760,2015-10-28 14:36:00
21766,2015-10-28 15:36:00
21772,2015-10-28 16:36:00
21778,2015-10-28 17:36:00
21784,2015-10-28 18:36:00
21790,2015-10-28 19:36:00
21796,2015-10-28 20:36:00
21802,2015-10-28 21:36:00
21808,2015-10-28 22:36:00
21814,2015-10-28 23:36:00
21820,2015-10-29 00:36:00
21826,2015-10-29 01:36:00
21832,2015-10-29 02:36:00
21838,2015-10-29 03:36:00
21844,2015-10-29 04:36:00
21850,2015-10-29 05:36:00
21856,2015-10-29 06:36:00
21862,2015-10-29 07:36:00
21868,2015-10-29 08:36:00
21874,2015-10-29 09:36:00
21880,2015-10-29 10:36:00
21886,2015-10-29 11:36:00
21892,2015-10-29 12:36:00
21898,2015-10-29 13:36:00
21904,2015-10-29 14:36:00
21910,2015-10-29 15:36:00
21916,2015-10-29 16:36:00
21922,2015-10-29 17:36:00
21928,2015-10-29 18:36:00
21934,2015-10-29 19:36:00
21940,2015-10-29 20:36:00
21946,2015-10-29 21:36:00
21952,2015-10-29 22:36:00
21958,2015-10-29 23:36:00
21964,2015-10-30 00:36:00
21970,2015-10-30 01:36:00
21976,2015-10-30 02:36:00
21982,2015-10-30 03:36:00
21988,2015-10-30 04:36:00
21994,2015-10-30 05:36:00
22000,2015-10-30 06:36:00
22006,2015-10-30 07:36:00
22012,2015-10-30 08:36:00
22018,2015-10-30 09:36:00
22024,2015-10-30 10:36:00
22030,2015-10-30 11:36:00
22036,2015-10-30 12:36:00
22042,2015-10-30 13:36:00
22048,2015-10-30 14:36:00
22054,2015-10-30 15:36:00
22060,2015-10-30 16:36:00
22066,2015-10-30 17:36:00
22072,2015-10-30 18:36:00
22078,2015-10-30 19:36:00
22084,2015-10-30 20:36:00
22090,2015-10-30 21:36:00
22096,2015-10-30 22:36:00
22102,2015-10-30 23:36:00
22108,2015-10-31 00:36:00
22114,2015-10-31 01:36:00
22120,2015-10-31 02:36:00
22126,2015-10-31 03:36:00
22132,2015-10-31 04:36:00
22138,2015-10-31 05:36:00
22144,2015-10-31 06:36:00
22150,2015-10-31 07:36:00
22156,2015-10-31 08:36:00
22162,2015-10-31 09:36:00
22168,2015-10-31 10:36:00
22174,2015-10-31 11:36:00
22180,2015-10-31 12:36:00
22186,2015-10-31 13:36:00
22192,2015-10-31 14:36:00
22198,2015-10-31 15:36:00
22204,2015-10-31 16:36:00
22210,2015-10-31 17:36:00
22216,2015-10-31 18:36:00
22222,2015-10-31 19:36:00
22228,2015-10-31 20:36:00
22234,2015-10-31 21:36:00
22240,2015-10-31 22:36:00
22246,2015-10-31 23:36:00
22252,2015-11-01 00:36:00
22258,2015-11-01 01:36:00
22264,2015-11-01 02:36:00
22270,2015-11-01 03:36:00
22276,2015-11-01 04:36:00
22282,2015-11-01 05:36:00
22288,2015-11-01 06:36:00
22294,2015-11-01 07:36:00
22300,2015-11-01 08:36:00
22306,2015-11-01 09:36:00
22312,2015-11-01 10:36:00
22318,2015-11-01 11:36:00
22324,2015-11-01 12:36:00
22330,2015-11-01 13:36:00
22336,2015-11-01 14:36:00
22342,2015-11-01 15:36:00
22348,2015-11-01 16:36:00
22354,2015-11-01 17:36:00
22360,2015-11-01 18:36:00
22366,2015-11-01 19:36:00
22372,2015-11-01 20:36:00
22378,2015-11-01 21:36:00
22384,2015-11-01 22:36:00
22390,2015-11-01 23:36:00
22396,2015-11-02 00:36:00
22402,2015-11-02 01:36:00
22408,2015-11-02 02:36:00
22414,2015-11-02 03:36:00
22420,2015-11-02 04:36:00
22426,2015-11-02 05:36:00
22432,2015-11-02 06:36:00
22438,2015-11-02 07:36:00
22444,2015-11-02 08:36:00
22450,2015-11-02 09:36:00
22456,2015-11-02 10:36:00
22462,2015-11-02 11:36:00
22468,2015-11-02 12:36:00
22474,2015-11-02 13:36:00
22480,2015-11-02 14:36:00
22486,2015-11-02 15:36:00
22492,2015-11-02 16:36:00
22498,2015-11-02 17:36:00
22504,2015-11-02 18:36:00
22510,2015-11-02 19:36:00
22516,2015-11-02 20:36:00
22522,2015-11-02 21:36:00
22528,2015-11-02 22:36:00
22534,2015-11-02 23:36:00
22540,2015-11-03 00:36:00
22546,2015-11-03 01:36:00
22552,2015-11-03 02:36:00
22558,2015-11-03 03:36:00
22564,2015-11-03 04:36:00
22570,2015-11-03 05:36:00
22576,2015-11-03 06:36:00
22582,2015-11-03 07:36:00
22588,2015-11-03 08:36:00
22594,2015-11-03 09:36:00
22600,2015-11-03 10:36:00
22606,2015-11-03 11:36:00
22612,2015-11-03 12:36:00
22618,2015-11-03 13:36:00
22624,2015-11-03 14:36:00
22630,2015-11-03 15:36:00
22636,2015-11-03 16:36:00
22642,2015-11-03 17:36:00
22648,2015-11-03 18:36:00
22654,2015-11-03 19:36:00
22660,2015-11-03 20:36:00
22666,2015-11-03 21:36:00
22672,2015-11-03 22:36:00
22678,2015-11-03 23:36:00
22684,2015-11-04 00:36:00
22690,2015-11-04 01:36:00
22696,2015-11-04 02:36:00
22702,2015-11-04 03:36:00
22708,2015-11-04 04:36:00
22714,2015-11-04 05:36:00
22720,2015-11-04 06:36:00
22726,2015-11-04 07:36:00
22732,2015-11-04 08:36:00
22738,2015-11-04 09:36:00
22744,2015-11-04 10:36:00
22750,2015-11-04 11:36:00
22756,2015-11-04 12:36:00
22762,2015-11-04 13:36:00
22768,2015-11-04 14:36:00
22774,2015-11-04 15:36:00
22780,2015-11-04 16:36:00
22786,2015-11-04 17:36:00
22792,2015-11-04 18:36:00
22798,2015-11-04 19:36:00
22804,2015-11-04 20:36:00
22810,2015-11-04 21:36:00
22816,2015-11-04 22:36:00
22822,2015-11-04 23:36:00
22828,2015-11-05 00:36:00
22834,2015-11-05 01:36:00
22840,2015-11-05 02:36:00
22846,2015-11-05 03:36:00
22852,2015-11-05 04:36:00
22858,2015-11-05 05:36:00
22864,2015-11-05 06:36:00
22870,2015-11-05 07:36:00
22876,2015-11-05 08:36:00
22882,2015-11-05 09:36:00
22888,2015-11-05 10:36:00
22894,2015-11-05 11:36:00
22900,2015-11-05 12:36:00
22906,2015-11-05 13:36:00
22912,2015-11-05 14:36:00
22918,2015-11-05 15:36:00
22924,2015-11-05 16:36:00
22930,2015-11-05 17:36:00
22936,2015-11-05 18:36:00
22942,2015-11-05 19:36:00
22948,2015-11-05 20:36:00
22954,2015-11-05 21:36:00
22960,2015-11-05 22:36:00
22966,2015-11-05 23:36:00
22972,2015-11-06 00:36:00
22978,2015-11-06 01:36:00
22984,2015-11-06 02:36:00
22990,2015-11-06 03:36:00
22996,2015-11-06 04:36:00
23002,2015-11-06 05:36:00
23008,2015-11-06 06:36:00
23014,2015-11-06 07:36:00
23020,2015-11-06 08:36:00
23026,2015-11-06 09:36:00
23032,2015-11-06 10:36:00
23038,2015-11-06 11:36:00
23044,2015-11-06 12:36:00
23050,2015-11-06 13:36:00
23056,2015-11-06 14:36:00
23062,2015-11-06 15:36:00
23068,2015-11-06 16:36:00
23074,2015-11-06 17:36:00
23080,2015-11-06 18:36:00
23086,2015-11-06 19:36:00
23092,2015-11-06 20:36:00
23098,2015-11-06 21:36:00
23104,2015-11-06 22:36:00
23110,2015-11-06 23:36:00
23116,2015-11-07 00:36:00
23122,2015-11-07 01:36:00
23128,2015-11-07 02:36:00
23134,2015-11-07 03:36:00
23140,2015-11-07 04:36:00
23146,2015-11-07 05:36:00
23152,2015-11-07 06:36:00
23158,2015-11-07 07:36:00
23164,2015-11-07 08:36:00
23170,2015-11-07 09:36:00
23176,2015-11-07 10:36:00
23182,2015-11-07 11:36:00
23188,2015-11-07 12:36:00
23194,2015-11-07 13:36:00
23200,2015-11-07 14:36:00
23206,2015-11-07 15:36:00
23212,2015-11-07 16:36:00
23218,2015-11-07 17:36:00
23224,2015-11-07 18:36:00
23230,2015-11-07 19:36:00
23236,2015-11-07 20:36:00
23242,2015-11-07 21:36:00
23248,2015-11-07 22:36:00
23254,2015-11-07 23:36:00
23260,2015-11-08 00:36:00
23266,2015-11-08 01:36:00
23272,2015-11-08 02:36:00
23278,2015-11-08 03:36:00
23284,2015-11-08 04:36:00
23290,2015-11-08 05:36:00
23296,2015-11-08 06:36:00
23302,2015-11-08 07:36:00
23308,2015-11-08 08:36:00
23314,2015-11-08 09:36:00
23320,2015-11-08 10:36:00
23326,2015-11-08 11:36:00
23332,2015-11-08 12:36:00
23338,2015-11-08 13:36:00
23344,2015-11-08 14:36:00
23350,2015-11-08 15:36:00
23356,2015-11-08 16:36:00
23362,2015-11-08 17:36:00
23368,2015-11-08 18:36:00
23374,2015-11-08 19:36:00
23380,2015-11-08 20:36:00
23386,2015-11-08 21:36:00
23392,2015-11-08 22:36:00
23398,2015-11-08 23:36:00
23404,2015-11-09 00:36:00
23410,2015-11-09 01:36:00
23416,2015-11-09 02:36:00
23422,2015-11-09 03:36:00
23428,2015-11-09 04:36:00
23434,2015-11-09 05:36:00
23440,2015-11-09 06:36:00
23446,2015-11-09 07:36:00
23452,2015-11-09 08:36:00
23458,2015-11-09 09:36:00
23464,2015-11-09 10:36:00
23470,2015-11-09 11:36:00
23476,2015-11-09 12:36:00
23482,2015-11-09 13:36:00
23488,2015-11-09 14:36:00
23494,2015-11-09 15:36:00
23500,2015-11-09 16:36:00
23506,2015-11-09 17:36:00
23512,2015-11-09 18:36:00
23518,2015-11-09 19:36:00
23524,2015-11-09 20:36:00
23530,2015-11-09 21:36:00
23536,2015-11-09 22:36:00
23542,2015-11-09 23:36:00
23548,2015-11-10 00:36:00
23554,2015-11-10 01:36:00
23560,2015-11-10 02:36:00
23566,2015-11-10 03:36:00
23572,2015-11-10 04:36:00
23578,2015-11-10 05:36:00
23584,2015-11-10 06:36:00
23590,2015-11-10 07:36:00
23596,2015-11-10 08:36:00
23602,2015-11-10 09:36:00
23608,2015-11-10 10:36:00
23614,2015-11-10 11:36:00
23620,2015-11-10 12:36:00
23626,2015-11-10 13:36:00
23632,2015-11-10 14:36:00
23638,2015-11-10 15:36:00
23644,2015-11-10 16:36:00
23650,2015-11-10 17:36:00
23656,2015-11-10 18:36:00
23662,2015-11-10 19:36:00
23668,2015-11-10 20:36:00
23674,2015-11-10 21:36:00
23680,2015-11-10 22:36:00
23686,2015-11-10 23:36:00
23692,2015-11-11 00:36:00
23698,2015-11-11 01:36:00
23704,2015-11-11 02:36:00
23710,2015-11-11 03:36:00
23716,2015-11-11 04:36:00
23722,2015-11-11 05:36:00
23728,2015-11-11 06:36:00
23734,2015-11-11 07:36:00
23740,2015-11-11 08:36:00
23746,2015-11-11 09:36:00
23752,2015-11-11 10:36:00
23758,2015-11-11 11:36:00
23764,2015-11-11 12:36:00
23770,2015-11-11 13:36:00
23776,2015-11-11 14:36:00
23782,2015-11-11 15:36:00
23788,2015-11-11 16:36:00
23794,2015-11-11 17:36:00
23800,2015-11-11 18:36:00
23806,2015-11-11 19:36:00
23812,2015-11-11 20:36:00
23818,2015-11-11 21:36:00
23824,2015-11-11 22:36:00
23830,2015-11-11 23:36:00
23836,2015-11-12 00:36:00
23842,2015-11-12 01:36:00
23848,2015-11-12 02:36:00
23854,2015-11-12 03:36:00
23860,2015-11-12 04:36:00
23866,2015-11-12 05:36:00
23872,2015-11-12 06:36:00
23878,2015-11-12 07:36:00
23884,2015-11-12 08:36:00
23890,2015-11-12 09:36:00
23896,2015-11-12 10:36:00
23902,2015-11-12 11:36:00
23908,2015-11-12 12:36:00
23914,2015-11-12 13:36:00
23920,2015-11-12 14:36:00
23926,2015-11-12 15:36:00
23932,2015-11-12 16:36:00
23938,2015-11-12 17:36:00
23944,2015-11-12 18:36:00
23950,2015-11-12 19:36:00
23956,2015-11-12 20:36:00
23962,2015-11-12 21:36:00
23968,2015-11-12 22:36:00
23974,2015-11-12 23:36:00
23980,2015-11-13 00:36:00
23986,2015-11-13 01:36:00
23992,2015-11-13 02:36:00
23998,2015-11-13 03:36:00
24004,2015-11-13 04:36:00
24010,2015-11-13 05:36:00
24016,2015-11-13 06:36:00
24022,2015-11-13 07:36:00
24028,2015-11-13 08:36:00
24034,2015-11-13 09:36:00
24040,2015-11-13 10:36:00
24046,2015-11-13 11:36:00
24052,2015-11-13 12:36:00
24058,2015-11-13 13:36:00
24064,2015-11-13 14:36:00
24070,2015-11-13 15:36:00
24076,2015-11-13 16:36:00
24082,2015-11-13 17:36:00
24088,2015-11-13 18:36:00
24094,2015-11-13 19:36:00
24100,2015-11-13 20:36:00
24106,2015-11-13 21:36:00
24112,2015-11-13 22:36:00
24118,2015-11-13 23:36:00
24124,2015-11-14 00:36:00
24130,2015-11-14 01:36:00
24136,2015-11-14 02:36:00
24142,2015-11-14 03:36:00
24148,2015-11-14 04:36:00
24154,2015-11-14 05:36:00
24160,2015-11-14 06:36:00
24166,2015-11-14 07:36:00
24172,2015-11-14 08:36:00
24178,2015-11-14 09:36:00
24184,2015-11-14 10:36:00
24190,2015-11-14 11:36:00
24196,2015-11-14 12:36:00
24202,2015-11-14 13:36:00
24208,2015-11-14 14:36:00
24214,2015-11-14 15:36:00
24220,2015-11-14 16:36:00
24226,2015-11-14 17:36:00
24232,2015-11-14 18:36:00
24238,2015-11-14 19:36:00
24244,2015-11-14 20:36:00
24250,2015-11-14 21:36:00
24256,2015-11-14 22:36:00
24262,2015-11-14 23:36:00
24268,2015-11-15 00:36:00
24274,2015-11-15 01:36:00
24280,2015-11-15 02:36:00
24286,2015-11-15 03:36:00
24292,2015-11-15 04:36:00
24298,2015-11-15 05:36:00
24304,2015-11-15 06:36:00
24310,2015-11-15 07:36:00
24316,2015-11-15 08:36:00
24322,2015-11-15 09:36:00
24328,2015-11-15 10:36:00
24334,2015-11-15 11:36:00
24340,2015-11-15 12:36:00
24346,2015-11-15 13:36:00
24352,2015-11-15 14:36:00
24358,2015-11-15 15:36:00
24364,2015-11-15 16:36:00
24370,2015-11-15 17:36:00
24376,2015-11-15 18:36:00
24382,2015-11-15 19:36:00
24388,2015-11-15 20:36:00
24394,2015-11-15 21:36:00
24400,2015-11-15 22:36:00
24406,2015-11-15 23:36:00
24412,2015-11-16 00:36:00
24418,2015-11-16 01:36:00
24424,2015-11-16 02:36:00
24430,2015-11-16 03:36:00
24436,2015-11-16 04:36:00
24442,2015-11-16 05:36:00
24448,2015-11-16 06:36:00
24454,2015-11-16 07:36:00
24460,2015-11-16 08:36:00
24466,2015-11-16 09:36:00
24472,2015-11-16 10:36:00
24478,2015-11-16 11:36:00
24484,2015-11-16 12:36:00
24490,2015-11-16 13:36:00
24496,2015-11-16 14:36:00
24502,2015-11-16 15:36:00
24508,2015-11-16 16:36:00
24514,2015-11-16 17:36:00
24520,2015-11-16 18:36:00
24526,2015-11-16 19:36:00
24532,2015-11-16 20:36:00
24538,2015-11-16 21:36:00
24544,2015-11-16 22:36:00
24550,2015-11-16 23:36:00
24556,2015-11-17 00:36:00
24562,2015-11-17 01:36:00
24568,2015-11-17 02:36:00
24574,2015-11-17 03:36:00
24580,2015-11-17 04:36:00
24586,2015-11-17 05:36:00
24592,2015-11-17 06:36:00
24598,2015-11-17 07:36:00
24604,2015-11-17 08:36:00
24610,2015-11-17 09:36:00
24616,2015-11-17 10:36:00
24622,2015-11-17 11:36:00
24628,2015-11-17 12:36:00
24634,2015-11-17 13:36:00
24640,2015-11-17 14:36:00
24646,2015-11-17 15:36:00
24652,2015-11-17 16:36:00
24658,2015-11-17 17:36:00
24664,2015-11-17 18:36:00
24670,2015-11-17 19:36:00
24676,2015-11-17 20:36:00
24682,2015-11-17 21:36:00
24688,2015-11-17 22:36:00
24694,2015-11-17 23:36:00
24700,2015-11-18 00:36:00
24706,2015-11-18 01:36:00
24712,2015-11-18 02:36:00
24718,2015-11-18 03:36:00
24724,2015-11-18 04:36:00
24730,2015-11-18 05:36:00
24736,2015-11-18 06:36:00
24742,2015-11-18 07:36:00
24748,2015-11-18 08:36:00
24754,2015-11-18 09:36:00
24760,2015-11-18 10:36:00
24766,2015-11-18 11:36:00
24772,2015-11-18 12:36:00
24778,2015-11-18 13:36:00
24784,2015-11-18 14:36:00
24790,2015-11-18 15:36:00
24796,2015-11-18 16:36:00
24802,2015-11-18 17:36:00
24808,2015-11-18 18:36:00
24814,2015-11-18 19:36:00
24820,2015-11-18 20:36:00
24826,2015-11-18 21:36:00
24832,2015-11-18 22:36:00
24838,2015-11-18 23:36:00
24844,2015-11-19 00:36:00
24850,2015-11-19 01:36:00
24856,2015-11-19 02:36:00
24862,2015-11-19 03:36:00
24868,2015-11-19 04:36:00
24874,2015-11-19 05:36:00
24880,2015-11-19 06:36:00
24886,2015-11-19 07:36:00
24892,2015-11-19 08:36:00
24898,2015-11-19 09:36:00
24904,2015-11-19 10:36:00
24910,2015-11-19 11:36:00
24916,2015-11-19 12:36:00
24922,2015-11-19 13:36:00
24928,2015-11-19 14:36:00
24934,2015-11-19 15:36:00
24940,2015-11-19 16:36:00
24946,2015-11-19 17:36:00
24952,2015-11-19 18:36:00
24958,2015-11-19 19:36:00
24964,2015-11-19 20:36:00
24970,2015-11-19 21:36:00
24976,2015-11-19 22:36:00
24982,2015-11-19 23:36:00
24988,2015-11-20 00:36:00
24994,2015-11-20 01:36:00
25000,2015-11-20 02:36:00
25006,2015-11-20 03:36:00
25012,2015-11-20 04:36:00
25018,2015-11-20 05:36:00
25024,2015-11-20 06:36:00
25030,2015-11-20 07:36:00
25036,2015-11-20 08:36:00
25042,2015-11-20 09:36:00
25048,2015-11-20 10:36:00
25054,2015-11-20 11:36:00
25060,2015-11-20 12:36:00
25066,2015-11-20 13:36:00
25072,2015-11-20 14:36:00
25078,2015-11-20 15:36:00
25084,2015-11-20 16:36:00
25090,2015-11-20 17:36:00
25096,2015-11-20 18:36:00
25102,2015-11-20 19:36:00
25108,2015-11-20 20:36:00
25114,2015-11-20 21:36:00
25120,2015-11-20 22:36:00
25126,2015-11-20 23:36:00
25132,2015-11-21 00:36:00
25138,2015-11-21 01:36:00
25144,2015-11-21 02:36:00
25150,2015-11-21 03:36:00
25156,2015-11-21 04:36:00
25162,2015-11-21 05:36:00
25168,2015-11-21 06:36:00
25174,2015-11-21 07:36:00
25180,2015-11-21 08:36:00
25186,2015-11-21 09:36:00
25192,2015-11-21 10:36:00
25198,2015-11-21 11:36:00
25204,2015-11-21 12:36:00
25210,2015-11-21 13:36:00
25216,2015-11-21 14:36:00
25222,2015-11-21 15:36:00
25228,2015-11-21 16:36:00
25234,2015-11-21 17:36:00
25240,2015-11-21 18:36:00
25246,2015-11-21 19:36:00
25252,2015-11-21 20:36:00
25258,2015-11-21 21:36:00
25264,2015-11-21 22:36:00
25270,2015-11-21 23:36:00
25276,2015-11-22 00:36:00
25282,2015-11-22 01:36:00
25288,2015-11-22 02:36:00
25294,2015-11-22 03:36:00
25300,2015-11-22 04:36:00
25306,2015-11-22 05:36:00
25312,2015-11-22 06:36:00
25318,2015-11-22 07:36:00
25324,2015-11-22 08:36:00
25330,2015-11-22 09:36:00
25336,2015-11-22 10:36:00
25342,2015-11-22 11:36:00
25348,2015-11-22 12:36:00
25354,2015-11-22 13:36:00
25360,2015-11-22 14:36:00
25366,2015-11-22 15:36:00
25372,2015-11-22 16:36:00
25378,2015-11-22 17:36:00
25384,2015-11-22 18:36:00
25390,2015-11-22 19:36:00
25396,2015-11-22 20:36:00
25402,2015-11-22 21:36:00
25408,2015-11-22 22:36:00
25414,2015-11-22 23:36:00
25420,2015-11-23 00:36:00
25426,2015-11-23 01:36:00
25432,2015-11-23 02:36:00
25438,2015-11-23 03:36:00
25444,2015-11-23 04:36:00
25450,2015-11-23 05:36:00
25456,2015-11-23 06:36:00
25462,2015-11-23 07:36:00
25468,2015-11-23 08:36:00
25474,2015-11-23 09:36:00
25480,2015-11-23 10:36:00
25486,2015-11-23 11:36:00
25492,2015-11-23 12:36:00
25498,2015-11-23 13:36:00
25504,2015-11-23 14:36:00
25510,2015-11-23 15:36:00
25516,2015-11-23 16:36:00
25522,2015-11-23 17:36:00
25528,2015-11-23 18:36:00
25534,2015-11-23 19:36:00
25540,2015-11-23 20:36:00
25546,2015-11-23 21:36:00
25552,2015-11-23 22:36:00
25558,2015-11-23 23:36:00
25564,2015-11-24 00:36:00
25570,2015-11-24 01:36:00
25576,2015-11-24 02:36:00
25582,2015-11-24 03:36:00
25588,2015-11-24 04:36:00
25594,2015-11-24 05:36:00
25600,2015-11-24 06:36:00
25606,2015-11-24 07:36:00
25612,2015-11-24 08:36:00
25618,2015-11-24 09:36:00
25624,2015-11-24 10:36:00
25630,2015-11-24 11:36:00
25636,2015-11-24 12:36:00
25642,2015-11-24 13:36:00
25648,2015-11-24 14:36:00
