window_start,window_time
400,2015-06-02 06:18:01
406,2015-06-02 07:18:01
412,2015-06-02 08:18:01
418,2015-06-02 09:18:01
424,2015-06-02 10:18:01
430,2015-06-02 11:18:01
436,2015-06-02 12:18:01
442,2015-06-02 13:18:01
448,2015-06-02 14:18:01
454,2015-06-02 15:18:01
460,2015-06-02 16:18:01
466,2015-06-02 17:18:01
472,2015-06-02 18:18:01
478,2015-06-02 19:18:01
484,2015-06-02 20:18:01
490,2015-06-02 21:18:01
496,2015-06-02 22:18:01
502,2015-06-02 23:18:01
508,2015-06-03 00:18:01
514,2015-06-03 01:18:01
520,2015-06-03 02:18:01
526,2015-06-03 03:18:01
532,2015-06-03 04:18:01
538,2015-06-03 05:18:01
544,2015-06-03 06:18:01
550,2015-06-03 07:18:01
556,2015-06-03 08:18:01
562,2015-06-03 09:18:01
568,2015-06-03 10:18:01
574,2015-06-03 11:18:01
580,2015-06-03 12:18:01
586,2015-06-03 13:18:01
592,2015-06-03 14:18:01
598,2015-06-03 15:18:01
604,2015-06-03 16:18:01
610,2015-06-03 17:18:01
616,2015-06-03 18:18:01
622,2015-06-03 19:18:01
628,2015-06-03 20:18:01
634,2015-06-03 21:18:01
640,2015-06-03 22:18:01
646,2015-06-03 23:18:01
652,2015-06-04 00:18:01
658,2015-06-04 01:18:01
664,2015-06-04 02:18:01
670,2015-06-04 03:18:01
676,2015-06-04 04:18:01
682,2015-06-04 05:18:01
688,2015-06-04 06:18:01
694,2015-06-04 07:18:01
700,2015-06-04 08:18:01
706,2015-06-04 09:18:01
712,2015-06-04 10:18:01
718,2015-06-04 11:18:01
724,2015-06-04 12:18:01
730,2015-06-04 13:18:01
736,2015-06-04 14:18:01
742,2015-06-04 15:18:01
748,2015-06-04 16:18:01
754,2015-06-04 17:18:01
760,2015-06-04 18:18:01
766,2015-06-04 19:18:01
772,2015-06-04 20:18:01
778,2015-06-04 21:18:01
784,2015-06-04 22:18:01
790,2015-06-04 23:18:01
796,2015-06-05 00:18:01
802,2015-06-05 01:18:01
808,2015-06-05 02:18:01
814,2015-06-05 03:18:01
820,2015-06-05 04:18:01
826,2015-06-05 05:18:01
832,2015-06-05 06:18:01
838,2015-06-05 07:18:01
844,2015-06-05 08:18:01
850,2015-06-05 09:18:01
856,2015-06-05 10:18:01
862,2015-06-05 11:18:01
868,2015-06-05 12:18:01
874,2015-06-05 13:18:01
880,2015-06-05 14:18:01
886,2015-06-05 15:18:01
892,2015-06-05 16:18:01
898,2015-06-05 17:18:01
904,2015-06-05 18:18:01
910,2015-06-05 19:18:01
916,2015-06-05 20:18:01
922,2015-06-05 21:18:01
928,2015-06-05 22:18:01
934,2015-06-05 23:18:01
940,2015-06-06 00:18:01
946,2015-06-06 01:18:01
952,2015-06-06 02:18:01
958,2015-06-06 03:18:01
964,2015-06-06 04:18:01
970,2015-06-06 05:18:01
976,2015-06-06 06:18:01
982,2015-06-06 07:18:01
988,2015-06-06 08:18:01
994,2015-06-06 09:18:01
1000,2015-06-06 10:18:01
1006,2015-06-06 11:18:01
1012,2015-06-06 12:18:01
1018,2015-06-06 13:18:01
1024,2015-06-06 14:18:01
1030,2015-06-06 15:18:01
1036,2015-06-06 16:18:01
1042,2015-06-06 17:18:01
1048,2015-06-06 18:18:01
1054,2015-06-06 19:18:01
1060,2015-06-06 20:18:01
1066,2015-06-06 21:18:01
1072,2015-06-06 22:18:01
1078,2015-06-06 23:18:01
1084,2015-06-07 00:18:01
1090,2015-06-07 01:18:01
1096,2015-06-07 02:18:01
1102,2015-06-07 03:18:01
1108,2015-06-07 04:18:01
1114,2015-06-07 05:18:01
1120,2015-06-07 06:18:01
1126,2015-06-07 07:18:01
1132,2015-06-07 08:18:01
1138,2015-06-07 09:18:01
1144,2015-06-07 10:18:01
1150,2015-06-07 11:18:01
1156,2015-06-07 12:18:01
1162,2015-06-07 13:18:01
1168,2015-06-07 14:18:01
1174,2015-06-07 15:18:01
1180,2015-06-07 16:18:01
1186,2015-06-07 17:18:01
1192,2015-06-07 18:18:01
1198,2015-06-07 19:18:01
1204,2015-06-07 20:18:01
1210,2015-06-07 21:18:01
1216,2015-06-07 22:18:01
1222,2015-06-07 23:18:01
1228,2015-06-08 00:18:01
1234,2015-06-08 01:18:01
1240,2015-06-08 02:18:01
1246,2015-06-08 03:18:01
1252,2015-06-08 04:18:01
1258,2015-06-08 05:18:01
1264,2015-06-08 06:18:01
1270,2015-06-08 07:18:01
1276,2015-06-08 08:18:01
1282,2015-06-08 09:18:01
1288,2015-06-08 10:18:01
1294,2015-06-08 11:18:01
1300,2015-06-08 12:18:01
1306,2015-06-08 13:18:01
1312,2015-06-08 14:18:01
1318,2015-06-08 15:18:01
1324,2015-06-08 16:18:01
1330,2015-06-08 17:18:01
1336,2015-06-08 18:18:01
1342,2015-06-08 19:18:01
1348,2015-06-08 20:18:01
1354,2015-06-08 21:18:01
1360,2015-06-08 22:18:01
1366,2015-06-08 23:18:01
1372,2015-06-09 00:18:01
1378,2015-06-09 01:18:01
1384,2015-06-09 02:18:01
1390,2015-06-09 03:18:01
1396,2015-06-09 04:18:01
1402,2015-06-09 05:18:01
1408,2015-06-09 06:18:01
1414,2015-06-09 07:18:01
1420,2015-06-09 08:18:01
1426,2015-06-09 09:18:01
1432,2015-06-09 10:18:01
1438,2015-06-09 11:18:01
1444,2015-06-09 12:18:01
1450,2015-06-09 13:18:01
1456,2015-06-09 14:18:01
1462,2015-06-09 15:18:01
1468,2015-06-09 16:18:01
1474,2015-06-09 17:18:01
1480,2015-06-09 18:18:01
1486,2015-06-09 19:18:01
1492,2015-06-09 20:18:01
1498,2015-06-09 21:18:01
1504,2015-06-09 22:18:01
1510,2015-06-09 23:18:01
1516,2015-06-10 00:18:01
1522,2015-06-10 01:18:01
1528,2015-06-10 02:18:01
1534,2015-06-10 03:18:01
1540,2015-06-10 04:18:01
1546,2015-06-10 05:18:01
1552,2015-06-10 06:18:01
1558,2015-06-10 07:18:01
1564,2015-06-10 08:18:01
1570,2015-06-10 09:18:01
1576,2015-06-10 10:18:01
1582,2015-06-10 11:18:01
1588,2015-06-10 12:18:01
1594,2015-06-10 13:18:01
1600,2015-06-10 14:18:01
1606,2015-06-10 15:18:01
1612,2015-06-10 16:18:01
1618,2015-06-10 17:18:01
1624,2015-06-10 18:18:01
1630,2015-06-10 19:18:01
1636,2015-06-10 20:18:01
1642,2015-06-10 21:18:01
1648,2015-06-10 22:18:01
1654,2015-06-10 23:18:01
1660,2015-06-11 00:18:01
1666,2015-06-11 01:18:01
1672,2015-06-11 02:18:01
1678,2015-06-11 03:18:01
1684,2015-06-11 04:18:01
1690,2015-06-11 05:18:01
1696,2015-06-11 06:18:01
1702,2015-06-11 07:18:01
1708,2015-06-11 08:18:01
1714,2015-06-11 09:18:01
1720,2015-06-11 10:18:01
1726,2015-06-11 11:18:01
1732,2015-06-11 12:18:01
1738,2015-06-11 13:18:01
1744,2015-06-11 14:18:01
1750,2015-06-11 15:18:01
1756,2015-06-11 16:18:01
1762,2015-06-11 17:18:01
1768,2015-06-11 18:18:01
1774,2015-06-11 19:18:01
1780,2015-06-11 20:18:01
1786,2015-06-11 21:18:01
1792,2015-06-11 22:18:01
1798,2015-06-11 23:18:01
1804,2015-06-12 00:18:01
1810,2015-06-12 01:18:01
1816,2015-06-12 02:18:01
1822,2015-06-12 03:18:01
1828,2015-06-12 04:18:01
1834,2015-06-12 05:18:01
1840,2015-06-12 06:18:01
1846,2015-06-12 07:18:01
1852,2015-06-12 08:18:01
1858,2015-06-12 09:18:01
1864,2015-06-12 10:18:01
1870,2015-06-12 11:18:01
1876,2015-06-12 12:18:01
1882,2015-06-12 13:18:01
1888,2015-06-12 14:18:01
1894,2015-06-12 15:18:01
1900,2015-06-12 16:18:01
1906,2015-06-12 17:18:01
1912,2015-06-12 18:18:01
1918,2015-06-12 19:18:01
1924,2015-06-12 20:18:01
1930,2015-06-12 21:18:01
1936,2015-06-12 22:18:01
1942,2015-06-12 23:18:01
1948,2015-06-13 00:18:01
1954,2015-06-13 01:18:01
1960,2015-06-13 02:18:01
1966,2015-06-13 03:18:01
1972,2015-06-13 04:18:01
1978,2015-06-13 05:18:01
1984,2015-06-13 06:18:01
1990,2015-06-13 07:18:01
1996,2015-06-13 08:18:01
2002,2015-06-13 09:18:01
2008,2015-06-13 10:18:01
2014,2015-06-13 11:18:01
2020,2015-06-13 12:18:01
2026,2015-06-13 13:18:01
2032,2015-06-13 14:18:01
2038,2015-06-13 15:18:01
2044,2015-06-13 16:18:01
2050,2015-06-13 17:18:01
2056,2015-06-13 18:18:01
2062,2015-06-13 19:18:01
2068,2015-06-13 20:18:01
2074,2015-06-13 21:18:01
2080,2015-06-13 22:18:01
2086,2015-06-13 23:18:01
2092,2015-06-14 00:18:01
2098,2015-06-14 01:18:01
2104,2015-06-14 02:18:01
2110,2015-06-14 03:18:01
2116,2015-06-14 04:18:01
2122,2015-06-14 05:18:01
2128,2015-06-14 06:18:01
2134,2015-06-14 07:18:01
2140,2015-06-14 08:18:01
2146,2015-06-14 09:18:01
2152,2015-06-14 10:18:01
2158,2015-06-14 11:18:01
2164,2015-06-14 12:18:01
2170,2015-06-14 13:18:01
2176,2015-06-14 14:18:01
2182,2015-06-14 15:18:01
2188,2015-06-14 16:18:01
2194,2015-06-14 17:18:01
2200,2015-06-14 18:18:01
2206,2015-06-14 19:18:01
2212,2015-06-14 20:18:01
2218,2015-06-14 21:18:01
2224,2015-06-14 22:18:01
2230,2015-06-14 23:18:01
2236,2015-06-15 00:18:01
2242,2015-06-15 01:18:01
2248,2015-06-15 02:18:01
2254,2015-06-15 03:18:01
2260,2015-06-15 04:18:01
2266,2015-06-15 05:18:01
2272,2015-06-15 06:18:01
2278,2015-06-15 07:18:01
2284,2015-06-15 08:18:01
2290,2015-06-15 09:18:01
2296,2015-06-15 10:18:01
2302,2015-06-15 11:18:01
2308,2015-06-15 12:18:01
2314,2015-06-15 13:18:01
2320,2015-06-15 14:18:01
2326,2015-06-15 15:18:01
2332,2015-06-15 16:18:01
2338,2015-06-15 17:18:01
2344,2015-06-15 18:18:01
2350,2015-06-15 19:18:01
2356,2015-06-15 20:18:01
2362,2015-06-15 21:18:01
2368,2015-06-15 22:18:01
2374,2015-06-15 23:18:01
2380,2015-06-16 00:18:01
2386,2015-06-16 01:18:01
2392,2015-06-16 02:18:01
2398,2015-06-16 03:18:01
2404,2015-06-16 04:18:01
2410,2015-06-16 05:18:01
2416,2015-06-16 06:18:01
2422,2015-06-16 07:18:01
2428,2015-06-16 08:18:01
2434,2015-06-16 09:18:01
2440,2015-06-16 10:18:01
2446,2015-06-16 11:18:01
2452,2015-06-16 12:18:01
2458,2015-06-16 13:18:01
2464,2015-06-16 14:18:01
2470,2015-06-16 15:18:01
2476,2015-06-16 16:18:01
2482,2015-06-16 17:18:01
2488,2015-06-16 18:18:01
2494,2015-06-16 19:18:01
2500,2015-06-16 20:18:01
2506,2015-06-16 21:18:01
2512,2015-06-16 22:18:01
2518,2015-06-16 23:18:01
2524,2015-06-17 00:18:01
2530,2015-06-17 01:18:01
2536,2015-06-17 02:18:01
2542,2015-06-17 03:18:01
2548,2015-06-17 04:18:01
2554,2015-06-17 05:18:01
2560,2015-06-17 06:18:01
2566,2015-06-17 07:18:01
2572,2015-06-17 08:18:01
2578,2015-06-17 09:18:01
2584,2015-06-17 10:18:01
2590,2015-06-17 11:18:01
2596,2015-06-17 12:18:01
2602,2015-06-17 13:18:01
2608,2015-06-17 14:18:01
2614,2015-06-17 15:18:01
2620,2015-06-17 16:18:01
2626,2015-06-17 17:18:01
2632,2015-06-17 18:18:01
2638,2015-06-17 19:18:01
2644,2015-06-17 20:18:01
2650,2015-06-17 21:18:01
2656,2015-06-17 22:18:01
2662,2015-06-17 23:18:01
2668,2015-06-18 00:18:01
2674,2015-06-18 01:18:01
2680,2015-06-18 02:18:01
2686,2015-06-18 03:18:01
2692,2015-06-18 04:18:01
2698,2015-06-18 05:18:01
2704,2015-06-18 06:18:01
2710,2015-06-18 07:18:01
2716,2015-06-18 08:18:01
2722,2015-06-18 09:18:01
2728,2015-06-18 10:18:01
2734,2015-06-18 11:18:01
2740,2015-06-18 12:18:01
2746,2015-06-18 13:18:01
2752,2015-06-18 14:18:01
2758,2015-06-18 15:18:01
2764,2015-06-18 16:18:01
2770,2015-06-18 17:18:01
2776,2015-06-18 18:18:01
2782,2015-06-18 19:18:01
2788,2015-06-18 20:18:01
2794,2015-06-18 21:18:01
2800,2015-06-18 22:18:01
2806,2015-06-18 23:18:01
2812,2015-06-19 00:18:01
2818,2015-06-19 01:18:01
2824,2015-06-19 02:18:01
2830,2015-06-19 03:18:01
2836,2015-06-19 04:18:01
2842,2015-06-19 05:18:01
2848,2015-06-19 06:18:01
2854,2015-06-19 07:18:01
2860,2015-06-19 08:18:01
2866,2015-06-19 09:18:01
2872,2015-06-19 10:18:01
2878,2015-06-19 11:18:01
2884,2015-06-19 12:18:01
2890,2015-06-19 13:18:01
2896,2015-06-19 14:18:01
2902,2015-06-19 15:18:01
2908,2015-06-19 16:18:01
2914,2015-06-19 17:18:01
2920,2015-06-19 18:18:01
2926,2015-06-19 19:18:01
2932,2015-06-19 20:18:01
2938,2015-06-19 21:18:01
2944,2015-06-19 22:18:01
2950,2015-06-19 23:18:01
2956,2015-06-20 00:18:01
2962,2015-06-20 01:18:01
2968,2015-06-20 02:18:01
2974,2015-06-20 03:18:01
2980,2015-06-20 04:18:01
2986,2015-06-20 05:18:01
2992,2015-06-20 06:18:01
2998,2015-06-20 07:18:01
3004,2015-06-20 08:18:01
3010,2015-06-20 09:18:01
3016,2015-06-20 10:18:01
3022,2015-06-20 11:18:01
3028,2015-06-20 12:18:01
3034,2015-06-20 13:18:01
3040,2015-06-20 14:18:01
3046,2015-06-20 15:18:01
3052,2015-06-20 16:18:01
3058,2015-06-20 17:18:01
3064,2015-06-20 18:18:01
3070,2015-06-20 19:18:01
3076,2015-06-20 20:18:01
3082,2015-06-20 21:18:01
3088,2015-06-20 22:18:01
3094,2015-06-20 23:18:01
3100,2015-06-21 00:18:01
3106,2015-06-21 01:18:01
3112,2015-06-21 02:18:01
3118,2015-06-21 03:18:01
3124,2015-06-21 04:18:01
3130,2015-06-21 05:18:01
3136,2015-06-21 06:18:01
3142,2015-06-21 07:18:01
3148,2015-06-21 08:18:01
3154,2015-06-21 09:18:01
3160,2015-06-21 10:18:01
3166,2015-06-21 11:18:01
3172,2015-06-21 12:18:01
3178,2015-06-21 13:18:01
3184,2015-06-21 14:18:01
3190,2015-06-21 15:18:01
3196,2015-06-21 16:18:01
3202,2015-06-21 17:18:01
3208,2015-06-21 18:18:01
3214,2015-06-21 19:18:01
3220,2015-06-21 20:18:01
3226,2015-06-21 21:18:01
3232,2015-06-21 22:18:01
3238,2015-06-21 23:18:01
3244,2015-06-22 00:18:01
3250,2015-06-22 01:18:01
3256,2015-06-22 02:18:01
3262,2015-06-22 03:18:01
3268,2015-06-22 04:18:01
3274,2015-06-22 05:18:01
3280,2015-06-22 06:18:01
3286,2015-06-22 07:18:01
3292,2015-06-22 08:18:01
3298,2015-06-22 09:18:01
3304,2015-06-22 10:18:01
3310,2015-06-22 11:18:01
3316,2015-06-22 12:18:01
3322,2015-06-22 13:18:01
3328,2015-06-22 14:18:01
3334,2015-06-22 15:18:01
3340,2015-06-22 16:18:01
3346,2015-06-22 17:18:01
3352,2015-06-22 18:18:01
3358,2015-06-22 19:18:01
3364,2015-06-22 20:18:01
3370,2015-06-22 21:18:01
3376,2015-06-22 22:18:01
3382,2015-06-22 23:18:01
3388,2015-06-23 00:18:01
3394,2015-06-23 01:18:01
3400,2015-06-23 02:18:01
3406,2015-06-23 03:18:01
3412,2015-06-23 04:18:01
3418,2015-06-23 05:18:01
3424,2015-06-23 06:18:01
3430,2015-06-23 07:18:01
3436,2015-06-23 08:18:01
3442,2015-06-23 09:18:01
3448,2015-06-23 10:18:01
3454,2015-06-23 11:18:01
3460,2015-06-23 12:18:01
3466,2015-06-23 13:18:01
3472,2015-06-23 14:18:01
3478,2015-06-23 15:18:01
3484,2015-06-23 16:18:01
3490,2015-06-23 17:18:01
3496,2015-06-23 18:18:01
3502,2015-06-23 19:18:01
3508,2015-06-23 20:18:01
3514,2015-06-23 21:18:01
3520,2015-06-23 22:18:01
3526,2015-06-23 23:18:01
3532,2015-06-24 00:18:01
3538,2015-06-24 01:18:01
3544,2015-06-24 02:18:01
3550,2015-06-24 03:18:01
3556,2015-06-24 04:18:01
3562,2015-06-24 05:18:01
3568,2015-06-24 06:18:01
3574,2015-06-24 07:18:01
3580,2015-06-24 08:18:01
3586,2015-06-24 09:18:01
3592,2015-06-24 10:18:01
3598,2015-06-24 11:18:01
3604,2015-06-24 12:18:01
3610,2015-06-24 13:18:01
3616,2015-06-24 14:18:01
3622,2015-06-24 15:18:01
3628,2015-06-24 16:18:01
3634,2015-06-24 17:18:01
3640,2015-06-24 18:18:01
3646,2015-06-24 19:18:01
3652,2015-06-24 20:18:01
3658,2015-06-24 21:18:01
3664,2015-06-24 22:18:01
3670,2015-06-24 23:18:01
3676,2015-06-25 00:18:01
3682,2015-06-25 01:18:01
3688,2015-06-25 02:18:01
3694,2015-06-25 03:18:01
3700,2015-06-25 04:18:01
3706,2015-06-25 05:18:01
3712,2015-06-25 06:18:01
3718,2015-06-25 07:18:01
3724,2015-06-25 08:18:01
3730,2015-06-25 09:18:01
3736,2015-06-25 10:18:01
3742,2015-06-25 11:18:01
3748,2015-06-25 12:18:01
3754,2015-06-25 13:18:01
3760,2015-06-25 14:18:01
3766,2015-06-25 15:18:01
3772,2015-06-25 16:18:01
3778,2015-06-25 17:18:01
3784,2015-06-25 18:18:01
3790,2015-06-25 19:18:01
3796,2015-06-25 20:18:01
3802,2015-06-25 21:18:01
3808,2015-06-25 22:18:01
3814,2015-06-25 23:18:01
3820,2015-06-26 00:18:01
3826,2015-06-26 01:18:01
3832,2015-06-26 02:18:01
3838,2015-06-26 03:18:01
3844,2015-06-26 04:18:01
3850,2015-06-26 05:18:01
3856,2015-06-26 06:18:01
3862,2015-06-26 07:18:01
3868,2015-06-26 08:18:01
3874,2015-06-26 09:18:01
3880,2015-06-26 10:18:01
3886,2015-06-26 11:18:01
3892,2015-06-26 12:18:01
3898,2015-06-26 13:18:01
3904,2015-06-26 14:18:01
3910,2015-06-26 15:18:01
3916,2015-06-26 16:18:01
3922,2015-06-26 17:18:01
3928,2015-06-26 18:18:01
3934,2015-06-26 19:18:01
3940,2015-06-26 20:18:01
3946,2015-06-26 21:18:01
3952,2015-06-26 22:18:01
3958,2015-06-26 23:18:01
3964,2015-06-27 00:18:01
3970,2015-06-27 01:18:01
3976,2015-06-27 02:18:01
3982,2015-06-27 03:18:01
3988,2015-06-27 04:18:01
3994,2015-06-27 05:18:01
4000,2015-06-27 06:18:01
4006,2015-06-27 07:18:01
4012,2015-06-27 08:18:01
4018,2015-06-27 09:18:01
4024,2015-06-27 10:18:01
4030,2015-06-27 11:18:01
4036,2015-06-27 12:18:01
4042,2015-06-27 13:18:01
4048,2015-06-27 14:18:01
4054,2015-06-27 15:18:01
4060,2015-06-27 16:18:01
4066,2015-06-27 17:18:01
4072,2015-06-27 18:18:01
4078,2015-06-27 19:18:01
4084,2015-06-27 20:18:01
4090,2015-06-27 21:18:01
4096,2015-06-27 22:18:01
4102,2015-06-27 23:18:01
4108,2015-06-28 00:18:01
4114,2015-06-28 01:18:01
4120,2015-06-28 02:18:01
4126,2015-06-28 03:18:01
4132,2015-06-28 04:18:01
4138,2015-06-28 05:18:01
4144,2015-06-28 06:18:01
4150,2015-06-28 07:18:01
4156,2015-06-28 08:18:01
4162,2015-06-28 09:18:01
4168,2015-06-28 10:18:01
4174,2015-06-28 11:18:01
4180,2015-06-28 12:18:01
4186,2015-06-28 13:18:01
4192,2015-06-28 14:18:01
4198,2015-06-28 15:18:01
4204,2015-06-28 16:18:01
4210,2015-06-28 17:18:01
4216,2015-06-28 18:18:01
4222,2015-06-28 19:18:01
4228,2015-06-28 20:18:01
4234,2015-06-28 21:18:01
4240,2015-06-28 22:18:01
4246,2015-06-28 23:18:01
4252,2015-06-29 00:18:01
4258,2015-06-29 01:18:01
4264,2015-06-29 02:18:01
4270,2015-06-29 03:18:01
4276,2015-06-29 04:18:01
4282,2015-06-29 05:18:01
4288,2015-06-29 06:18:01
4294,2015-06-29 07:18:01
4300,2015-06-29 08:18:01
4306,2015-06-29 09:18:01
4312,2015-06-29 10:18:01
4318,2015-06-29 11:18:01
4324,2015-06-29 12:18:01
4330,2015-06-29 13:18:01
4336,2015-06-29 14:18:01
4342,2015-06-29 15:18:01
4348,2015-06-29 16:18:01
4354,2015-06-29 17:18:01
4360,2015-06-29 18:18:01
4366,2015-06-29 19:18:01
4372,2015-06-29 20:18:01
4378,2015-06-29 21:18:01
4384,2015-06-29 22:18:01
4390,2015-06-29 23:18:01
4396,2015-06-30 00:18:01
4402,2015-06-30 01:18:01
4408,2015-06-30 02:18:01
4414,2015-06-30 03:18:01
4420,2015-06-30 04:18:01
4426,2015-06-30 05:18:01
4432,2015-06-30 06:18:01
4438,2015-06-30 07:18:01
4444,2015-06-30 08:18:01
4450,2015-06-30 09:18:01
4456,2015-06-30 10:18:01
4462,2015-06-30 11:18:01
4468,2015-06-30 12:18:01
4474,2015-06-30 13:18:01
4480,2015-06-30 14:18:01
4486,2015-06-30 15:18:01
4492,2015-06-30 16:18:01
4498,2015-06-30 17:18:01
4504,2015-06-30 18:18:01
4510,2015-06-30 19:18:01
4516,2015-06-30 20:18:01
4522,2015-06-30 21:18:01
4528,2015-06-30 22:18:01
4534,2015-06-30 23:18:01
4540,2015-07-01 00:18:01
4546,2015-07-01 01:18:01
4552,2015-07-01 02:18:01
4558,2015-07-01 03:18:01
4564,2015-07-01 04:18:01
4570,2015-07-01 05:18:01
4576,2015-07-01 06:18:01
4582,2015-07-01 07:18:01
4588,2015-07-01 08:18:01
4594,2015-07-01 09:18:01
4600,2015-07-01 10:18:01
4606,2015-07-01 11:18:01
4612,2015-07-01 12:18:01
4618,2015-07-01 13:18:01
4624,2015-07-01 14:18:01
4630,2015-07-01 15:18:01
4636,2015-07-01 16:18:01
4642,2015-07-01 17:18:01
4648,2015-07-01 18:18:01
4654,2015-07-01 19:18:01
4660,2015-07-01 20:18:01
4666,2015-07-01 21:18:01
4672,2015-07-01 22:18:01
4678,2015-07-01 23:18:01
4684,2015-07-02 00:18:01
4690,2015-07-02 01:18:01
4696,2015-07-02 02:18:01
4702,2015-07-02 03:18:01
4708,2015-07-02 04:18:01
4714,2015-07-02 05:18:01
4720,2015-07-02 06:18:01
4726,2015-07-02 07:18:01
4732,2015-07-02 08:18:01
4738,2015-07-02 09:18:01
4744,2015-07-02 10:18:01
4750,2015-07-02 11:18:01
4756,2015-07-02 12:18:01
4762,2015-07-02 13:18:01
4768,2015-07-02 14:18:01
4774,2015-07-02 15:18:01
4780,2015-07-02 16:18:01
4786,2015-07-02 17:18:01
4792,2015-07-02 18:18:01
4798,2015-07-02 19:18:01
4804,2015-07-02 20:18:01
4810,2015-07-02 21:18:01
4816,2015-07-02 22:18:01
4822,2015-07-02 23:18:01
4828,2015-07-03 00:18:01
4834,2015-07-03 01:18:01
4840,2015-07-03 02:18:01
4846,2015-07-03 03:18:01
4852,2015-07-03 04:18:01
4858,2015-07-03 05:18:01
4864,2015-07-03 06:18:01
4870,2015-07-03 07:18:01
4876,2015-07-03 08:18:01
4882,2015-07-03 09:18:01
4888,2015-07-03 10:18:01
4894,2015-07-03 11:18:01
4900,2015-07-03 12:18:01
4906,2015-07-03 13:18:01
4912,2015-07-03 14:18:01
4918,2015-07-03 15:18:01
4924,2015-07-03 16:18:01
4930,2015-07-03 17:18:01
4936,2015-07-03 18:18:01
4942,2015-07-03 19:18:01
4948,2015-07-03 20:18:01
4954,2015-07-03 21:18:01
4960,2015-07-03 22:18:01
4966,2015-07-03 23:18:01
4972,2015-07-04 00:18:01
4978,2015-07-04 01:18:01
4984,2015-07-04 02:18:01
4990,2015-07-04 03:18:01
4996,2015-07-04 04:18:01
5002,2015-07-04 05:18:01
5008,2015-07-04 06:18:01
5014,2015-07-04 07:18:01
5020,2015-07-04 08:18:01
5026,2015-07-04 09:18:01
5032,2015-07-04 10:18:01
5038,2015-07-04 11:18:01
5044,2015-07-04 12:18:01
5050,2015-07-04 13:18:01
5056,2015-07-04 14:18:01
5062,2015-07-04 15:18:01
5068,2015-07-04 16:18:01
5074,2015-07-04 17:18:01
5080,2015-07-04 18:18:01
5086,2015-07-04 19:18:01
5092,2015-07-04 20:18:01
5098,2015-07-04 21:18:01
5104,2015-07-04 22:18:01
5110,2015-07-04 23:18:01
5116,2015-07-05 00:18:01
5122,2015-07-05 01:18:01
5128,2015-07-05 02:18:01
5134,2015-07-05 03:18:01
5140,2015-07-05 04:18:01
5146,2015-07-05 05:18:01
5152,2015-07-05 06:18:01
5158,2015-07-05 07:18:01
5164,2015-07-05 08:18:01
5170,2015-07-05 09:18:01
5176,2015-07-05 10:18:01
5182,2015-07-05 11:18:01
5188,2015-07-05 12:18:01
5194,2015-07-05 13:18:01
5200,2015-07-05 14:18:01
5206,2015-07-05 15:18:01
5212,2015-07-05 16:18:01
5218,2015-07-05 17:18:01
5224,2015-07-05 18:18:01
5230,2015-07-05 19:18:01
5236,2015-07-05 20:18:01
5242,2015-07-05 21:18:01
5248,2015-07-05 22:18:01
5254,2015-07-05 23:18:01
5260,2015-07-06 00:18:01
5266,2015-07-06 01:18:01
5272,2015-07-06 02:18:01
5278,2015-07-06 03:18:01
5284,2015-07-06 04:18:01
5290,2015-07-06 05:18:01
5296,2015-07-06 06:18:01
5302,2015-07-06 07:18:01
5308,2015-07-06 08:18:01
5314,2015-07-06 09:18:01
5320,2015-07-06 10:18:01
5326,2015-07-06 11:18:01
5332,2015-07-06 12:18:01
5338,2015-07-06 13:18:01
5344,2015-07-06 14:18:01
5350,2015-07-06 15:18:01
5356,2015-07-06 16:18:01
5362,2015-07-06 17:18:01
5368,2015-07-06 18:18:01
5374,2015-07-06 19:18:01
5380,2015-07-06 20:18:01
5386,2015-07-06 21:18:01
5392,2015-07-06 22:18:01
5398,2015-07-06 23:18:01
5404,2015-07-07 00:18:01
5410,2015-07-07 01:18:01
5416,2015-07-07 02:18:01
5422,2015-07-07 03:18:01
5428,2015-07-07 04:18:01
5434,2015-07-07 05:18:01
5440,2015-07-07 06:18:01
5446,2015-07-07 07:18:01
5452,2015-07-07 08:18:01
5458,2015-07-07 09:18:01
5464,2015-07-07 10:18:01
5470,2015-07-07 11:18:01
5476,2015-07-07 12:18:01
5482,2015-07-07 13:18:01
5488,2015-07-07 14:18:01
5494,2015-07-07 15:18:01
5500,2015-07-07 16:18:01
5506,2015-07-07 17:18:01
5512,2015-07-07 18:18:01
5518,2015-07-07 19:18:01
5524,2015-07-07 20:18:01
5530,2015-07-07 21:18:01
5536,2015-07-07 22:18:01
5542,2015-07-07 23:18:01
5548,2015-07-08 00:18:01
5554,2015-07-08 01:18:01
5560,2015-07-08 02:18:01
5566,2015-07-08 03:18:01
5572,2015-07-08 04:18:01
5578,2015-07-08 05:18:01
5584,2015-07-08 06:18:01
5590,2015-07-08 07:18:01
5596,2015-07-08 08:18:01
5602,2015-07-08 09:18:01
5608,2015-07-08 10:18:01
5614,2015-07-08 11:18:01
5620,2015-07-08 12:18:01
5626,2015-07-08 13:18:01
5632,2015-07-08 14:18:01
5638,2015-07-08 15:18:01
5644,2015-07-08 16:18:01
5650,2015-07-08 17:18:01
5656,2015-07-08 18:18:01
5662,2015-07-08 19:18:01
5668,2015-07-08 20:18:01
5674,2015-07-08 21:18:01
5680,2015-07-08 22:18:01
5686,2015-07-08 23:18:01
5692,2015-07-09 00:18:01
5698,2015-07-09 01:18:01
5704,2015-07-09 02:18:01
5710,2015-07-09 03:18:01
5716,2015-07-09 04:18:01
5722,2015-07-09 05:18:01
5728,2015-07-09 06:18:01
5734,2015-07-09 07:18:01
5740,2015-07-09 08:18:01
5746,2015-07-09 09:18:01
5752,2015-07-09 10:18:01
5758,2015-07-09 11:18:01
5764,2015-07-09 12:18:01
5770,2015-07-09 13:18:01
5776,2015-07-09 14:18:01
5782,2015-07-09 15:18:01
5788,2015-07-09 16:18:01
5794,2015-07-09 17:18:01
5800,2015-07-09 18:18:01
5806,2015-07-09 19:18:01
5812,2015-07-09 20:18:01
5818,2015-07-09 21:18:01
5824,2015-07-09 22:18:01
5830,2015-07-09 23:18:01
5836,2015-07-10 00:18:01
5842,2015-07-10 01:18:01
5848,2015-07-10 02:18:01
5854,2015-07-10 03:18:01
5860,2015-07-10 04:18:01
5866,2015-07-10 05:18:01
5872,2015-07-10 06:18:01
5878,2015-07-10 07:18:01
5884,2015-07-10 08:18:01
5890,2015-07-10 09:18:01
5896,2015-07-10 10:18:01
5902,2015-07-10 11:18:01
5908,2015-07-10 12:18:01
5914,2015-07-10 13:18:01
5920,2015-07-10 14:18:01
5926,2015-07-10 15:18:01
5932,2015-07-10 16:18:01
5938,2015-07-10 17:18:01
5944,2015-07-10 18:18:01
5950,2015-07-10 19:18:01
5956,2015-07-10 20:18:01
5962,2015-07-10 21:18:01
5968,2015-07-10 22:18:01
5974,2015-07-10 23:18:01
5980,2015-07-11 00:18:01
5986,2015-07-11 01:18:01
5992,2015-07-11 02:18:01
5998,2015-07-11 03:18:01
6004,2015-07-11 04:18:01
6010,2015-07-11 05:18:01
6016,2015-07-11 06:18:01
6022,2015-07-11 07:18:01
6028,2015-07-11 08:18:01
6034,2015-07-11 09:18:01
6040,2015-07-11 10:18:01
6046,2015-07-11 11:18:01
6052,2015-07-11 12:18:01
6058,2015-07-11 13:18:01
6064,2015-07-11 14:18:01
6070,2015-07-11 15:18:01
6076,2015-07-11 16:18:01
6082,2015-07-11 17:18:01
6088,2015-07-11 18:18:01
6094,2015-07-11 19:18:01
6100,2015-07-11 20:18:01
6106,2015-07-11 21:18:01
6112,2015-07-11 22:18:01
6118,2015-07-11 23:18:01
6124,2015-07-12 00:18:01
6130,2015-07-12 01:18:01
6136,2015-07-12 02:18:01
6142,2015-07-12 03:18:01
6148,2015-07-12 04:18:01
6154,2015-07-12 05:18:01
6160,2015-07-12 06:18:01
6166,2015-07-12 07:18:01
6172,2015-07-12 08:18:01
6178,2015-07-12 09:18:01
6184,2015-07-12 10:18:01
6190,2015-07-12 11:18:01
6196,2015-07-12 12:18:01
6202,2015-07-12 13:18:01
6208,2015-07-12 14:18:01
6214,2015-07-12 15:18:01
6220,2015-07-12 16:18:01
6226,2015-07-12 17:18:01
6232,2015-07-12 18:18:01
6238,2015-07-12 19:18:01
6244,2015-07-12 20:18:01
6250,2015-07-12 21:18:01
6256,2015-07-12 22:18:01
6262,2015-07-12 23:18:01
6268,2015-07-13 00:18:01
6274,2015-07-13 01:18:01
6280,2015-07-13 02:18:01
6286,2015-07-13 03:18:01
6292,2015-07-13 04:18:01
6298,2015-07-13 05:18:01
6304,2015-07-13 06:18:01
6310,2015-07-13 07:18:01
6316,2015-07-13 08:18:01
6322,2015-07-13 09:18:01
6328,2015-07-13 10:18:01
6334,2015-07-13 11:18:01
6340,2015-07-13 12:18:01
6346,2015-07-13 13:18:01
6352,2015-07-13 14:18:01
6358,2015-07-13 15:18:01
6364,2015-07-13 16:18:01
6370,2015-07-13 17:18:01
6376,2015-07-13 18:18:01
6382,2015-07-13 19:18:01
6388,2015-07-13 20:18:01
6394,2015-07-13 21:18:01
6400,2015-07-13 22:18:01
6406,2015-07-13 23:18:01
6412,2015-07-14 00:18:01
6418,2015-07-14 01:18:01
6424,2015-07-14 02:18:01
6430,2015-07-14 03:18:01
6436,2015-07-14 04:18:01
6442,2015-07-14 05:18:01
6448,2015-07-14 06:18:01
6454,2015-07-14 07:18:01
6460,2015-07-14 08:18:01
6466,2015-07-14 09:18:01
6472,2015-07-14 10:18:01
6478,2015-07-14 11:18:01
6484,2015-07-14 12:18:01
6490,2015-07-14 13:18:01
6496,2015-07-14 14:18:01
6502,2015-07-14 15:18:01
6508,2015-07-14 16:18:01
6514,2015-07-14 17:18:01
6520,2015-07-14 18:18:01
6526,2015-07-14 19:18:01
6532,2015-07-14 20:18:01
6538,2015-07-14 21:18:01
6544,2015-07-14 22:18:01
6550,2015-07-14 23:18:01
6556,2015-07-15 00:18:01
6562,2015-07-15 01:18:01
6568,2015-07-15 02:18:01
6574,2015-07-15 03:18:01
6580,2015-07-15 04:18:01
6586,2015-07-15 05:18:01
6592,2015-07-15 06:18:01
6598,2015-07-15 07:18:01
6604,2015-07-15 08:18:01
6610,2015-07-15 09:18:01
6616,2015-07-15 10:18:01
6622,2015-07-15 11:18:01
6628,2015-07-15 12:18:01
6634,2015-07-15 13:18:01
6640,2015-07-15 14:18:01
6646,2015-07-15 15:18:01
6652,2015-07-15 16:18:01
6658,2015-07-15 17:18:01
6664,2015-07-15 18:18:01
6670,2015-07-15 19:18:01
6676,2015-07-15 20:18:01
6682,2015-07-15 21:18:01
6688,2015-07-15 22:18:01
6694,2015-07-15 23:18:01
6700,2015-07-16 00:18:01
6706,2015-07-16 01:18:01
6712,2015-07-16 02:18:01
6718,2015-07-16 03:18:01
6724,2015-07-16 04:18:01
6730,2015-07-16 05:18:01
6736,2015-07-16 06:18:01
6742,2015-07-16 07:18:01
6748,2015-07-16 08:18:01
6754,2015-07-16 09:18:01
6760,2015-07-16 10:18:01
6766,2015-07-16 11:18:01
6772,2015-07-16 12:18:01
6778,2015-07-16 13:18:01
6784,2015-07-16 14:18:01
6790,2015-07-16 15:18:01
6796,2015-07-16 16:18:01
6802,2015-07-16 17:18:01
6808,2015-07-16 18:18:01
6814,2015-07-16 19:18:01
6820,2015-07-16 20:18:01
6826,2015-07-16 21:18:01
6832,2015-07-16 22:18:01
6838,2015-07-16 23:18:01
6844,2015-07-17 00:18:01
6850,2015-07-17 01:18:01
6856,2015-07-17 02:18:01
6862,2015-07-17 03:18:01
6868,2015-07-17 04:18:01
6874,2015-07-17 05:18:01
6880,2015-07-17 06:18:01
6886,2015-07-17 07:18:01
6892,2015-07-17 08:18:01
6898,2015-07-17 09:18:01
6904,2015-07-17 10:18:01
6910,2015-07-17 11:18:01
6916,2015-07-17 12:18:01
6922,2015-07-17 13:18:01
6928,2015-07-17 14:18:01
6934,2015-07-17 15:18:01
6940,2015-07-17 16:18:01
6946,2015-07-17 17:18:01
6952,2015-07-17 18:18:01
6958,2015-07-17 19:18:01
6964,2015-07-17 20:18:01
6970,2015-07-17 21:18:01
6976,2015-07-17 22:18:01
6982,2015-07-17 23:18:01
6988,2015-07-18 00:18:01
6994,2015-07-18 01:18:01
7000,2015-07-18 02:18:01
7006,2015-07-18 03:18:01
7012,2015-07-18 04:18:01
7018,2015-07-18 05:18:01
7024,2015-07-18 06:18:01
7030,2015-07-18 07:18:01
7036,2015-07-18 08:18:01
7042,2015-07-18 09:18:01
7048,2015-07-18 10:18:01
7054,2015-07-18 11:18:01
7060,2015-07-18 12:18:01
7066,2015-07-18 13:18:01
7072,2015-07-18 14:18:01
7078,2015-07-18 15:18:01
7084,2015-07-18 16:18:01
7090,2015-07-18 17:18:01
7096,2015-07-18 18:18:01
7102,2015-07-18 19:18:01
7108,2015-07-18 20:18:01
7114,2015-07-18 21:18:01
7120,2015-07-18 22:18:01
7126,2015-07-18 23:18:01
7132,2015-07-19 00:18:01
7138,2015-07-19 01:18:01
7144,2015-07-19 02:18:01
7150,2015-07-19 03:18:01
7156,2015-07-19 04:18:01
7162,2015-07-19 05:18:01
7168,2015-07-19 06:18:01
7174,2015-07-19 07:18:01
7180,2015-07-19 08:18:01
7186,2015-07-19 09:18:01
7192,2015-07-19 10:18:01
7198,2015-07-19 11:18:01
7204,2015-07-19 12:18:01
7210,2015-07-19 13:18:01
7216,2015-07-19 14:18:01
7222,2015-07-19 15:18:01
7228,2015-07-19 16:18:01
7234,2015-07-19 17:18:01
7240,2015-07-19 18:18:01
7246,2015-07-19 19:18:01
7252,2015-07-19 20:18:01
7258,2015-07-19 21:18:01
7264,2015-07-19 22:18:01
7270,2015-07-19 23:18:01
7276,2015-07-20 00:18:01
7282,2015-07-20 01:18:01
7288,2015-07-20 02:18:01
7294,2015-07-20 03:18:01
7300,2015-07-20 04:18:01
7306,2015-07-20 05:18:01
7312,2015-07-20 06:18:01
7318,2015-07-20 07:18:01
7324,2015-07-20 08:18:01
7330,2015-07-20 09:18:01
7336,2015-07-20 10:18:01
7342,2015-07-20 11:18:01
7348,2015-07-20 12:18:01
7354,2015-07-20 13:18:01
7360,2015-07-20 14:18:01
7366,2015-07-20 15:18:01
7372,2015-07-20 16:18:01
7378,2015-07-20 17:18:01
7384,2015-07-20 18:18:01
7390,2015-07-20 19:18:01
7396,2015-07-20 20:18:01
7402,2015-07-20 21:18:01
7408,2015-07-20 22:18:01
7414,2015-07-20 23:18:01
7420,2015-07-21 00:18:01
7426,2015-07-21 01:18:01
7432,2015-07-21 02:18:01
7438,2015-07-21 03:18:01
7444,2015-07-21 04:18:01
7450,2015-07-21 05:18:01
7456,2015-07-21 06:18:01
7462,2015-07-21 07:18:01
7468,2015-07-21 08:18:01
7474,2015-07-21 09:18:01
7480,2015-07-21 10:18:01
7486,2015-07-21 11:18:01
7492,2015-07-21 12:18:01
7498,2015-07-21 13:18:01
7504,2015-07-21 14:18:01
7510,2015-07-21 15:18:01
7516,2015-07-21 16:18:01
7522,2015-07-21 17:18:01
7528,2015-07-21 18:18:01
7534,2015-07-21 19:18:01
7540,2015-07-21 20:18:01
7546,2015-07-21 21:18:01
7552,2015-07-21 22:18:01
7558,2015-07-21 23:18:01
7564,2015-07-22 00:18:01
7570,2015-07-22 01:18:01
7576,2015-07-22 02:18:01
7582,2015-07-22 03:18:01
7588,2015-07-22 04:18:01
7594,2015-07-22 05:18:01
7600,2015-07-22 06:18:01
7606,2015-07-22 07:18:01
7612,2015-07-22 08:18:01
7618,2015-07-22 09:18:01
7624,2015-07-22 10:18:01
7630,2015-07-22 11:18:01
7636,2015-07-22 12:18:01
7642,2015-07-22 13:18:01
7648,2015-07-22 14:18:01
7654,2015-07-22 15:18:01
7660,2015-07-22 16:18:01
7666,2015-07-22 17:18:01
7672,2015-07-22 18:18:01
7678,2015-07-22 19:18:01
7684,2015-07-22 20:18:01
7690,2015-07-22 21:18:01
7696,2015-07-22 22:18:01
7702,2015-07-22 23:18:01
7708,2015-07-23 00:18:01
7714,2015-07-23 01:18:01
7720,2015-07-23 02:18:01
7726,2015-07-23 03:18:01
7732,2015-07-23 04:18:01
7738,2015-07-23 05:18:01
7744,2015-07-23 06:18:01
7750,2015-07-23 07:18:01
7756,2015-07-23 08:18:01
7762,2015-07-23 09:18:01
7768,2015-07-23 10:18:01
7774,2015-07-23 11:18:01
7780,2015-07-23 12:18:01
7786,2015-07-23 13:18:01
7792,2015-07-23 14:18:01
7798,2015-07-23 15:18:01
7804,2015-07-23 16:18:01
7810,2015-07-23 17:18:01
7816,2015-07-23 18:18:01
7822,2015-07-23 19:18:01
7828,2015-07-23 20:18:01
7834,2015-07-23 21:18:01
7840,2015-07-23 22:18:01
7846,2015-07-23 23:18:01
7852,2015-07-24 00:18:01
7858,2015-07-24 01:18:01
7864,2015-07-24 02:18:01
7870,2015-07-24 03:18:01
7876,2015-07-24 04:18:01
7882,2015-07-24 05:18:01
7888,2015-07-24 06:18:01
7894,2015-07-24 07:18:01
7900,2015-07-24 08:18:01
7906,2015-07-24 09:18:01
7912,2015-07-24 10:18:01
7918,2015-07-24 11:18:01
7924,2015-07-24 12:18:01
7930,2015-07-24 13:18:01
7936,2015-07-24 14:18:01
7942,2015-07-24 15:18:01
7948,2015-07-24 16:18:01
7954,2015-07-24 17:18:01
7960,2015-07-24 18:18:01
7966,2015-07-24 19:18:01
7972,2015-07-24 20:18:01
7978,2015-07-24 21:18:01
7984,2015-07-24 22:18:01
7990,2015-07-24 23:18:01
7996,2015-07-25 00:18:01
8002,2015-07-25 01:18:01
8008,2015-07-25 02:18:01
8014,2015-07-25 03:18:01
8020,2015-07-25 04:18:01
8026,2015-07-25 05:18:01
8032,2015-07-25 06:18:01
8038,2015-07-25 07:18:01
8044,2015-07-25 08:18:01
8050,2015-07-25 09:18:01
8056,2015-07-25 10:18:01
8062,2015-07-25 11:18:01
8068,2015-07-25 12:18:01
8074,2015-07-25 13:18:01
8080,2015-07-25 14:18:01
8086,2015-07-25 15:18:01
8092,2015-07-25 16:18:01
8098,2015-07-25 17:18:01
8104,2015-07-25 18:18:01
8110,2015-07-25 19:18:01
8116,2015-07-25 20:18:01
8122,2015-07-25 21:18:01
8128,2015-07-25 22:18:01
8134,2015-07-25 23:18:01
8140,2015-07-26 00:18:01
8146,2015-07-26 01:18:01
8152,2015-07-26 02:18:01
8158,2015-07-26 03:18:01
8164,2015-07-26 04:18:01
8170,2015-07-26 05:18:01
8176,2015-07-26 06:18:01
8182,2015-07-26 07:18:01
8188,2015-07-26 08:18:01
8194,2015-07-26 09:18:01
8200,2015-07-26 10:18:01
8206,2015-07-26 11:18:01
8212,2015-07-26 12:18:01
8218,2015-07-26 13:18:01
8224,2015-07-26 14:18:01
8230,2015-07-26 15:18:01
8236,2015-07-26 16:18:01
8242,2015-07-26 17:18:01
8248,2015-07-26 18:18:01
8254,2015-07-26 19:18:01
8260,2015-07-26 20:18:01
8266,2015-07-26 21:18:01
8272,2015-07-26 22:18:01
8278,2015-07-26 23:18:01
8284,2015-07-27 00:18:01
8290,2015-07-27 01:18:01
8296,2015-07-27 02:18:01
8302,2015-07-27 03:18:01
8308,2015-07-27 04:18:01
8314,2015-07-27 05:18:01
8320,2015-07-27 06:18:01
8326,2015-07-27 07:18:01
8332,2015-07-27 08:18:01
8338,2015-07-27 09:18:01
8344,2015-07-27 10:18:01
8350,2015-07-27 11:18:01
8356,2015-07-27 12:18:01
8362,2015-07-27 13:18:01
8368,2015-07-27 14:18:01
8374,2015-07-27 15:18:01
8380,2015-07-27 16:18:01
8386,2015-07-27 17:18:01
8392,2015-07-27 18:18:01
8398,2015-07-27 19:18:01
8404,2015-07-27 20:18:01
8410,2015-07-27 21:18:01
8416,2015-07-27 22:18:01
8422,2015-07-27 23:18:01
8428,2015-07-28 00:18:01
8434,2015-07-28 01:18:01
8440,2015-07-28 02:18:01
8446,2015-07-28 03:18:01
8452,2015-07-28 04:18:01
8458,2015-07-28 05:18:01
8464,2015-07-28 06:18:01
8470,2015-07-28 07:18:01
8476,2015-07-28 08:18:01
8482,2015-07-28 09:18:01
8488,2015-07-28 10:18:01
8494,2015-07-28 11:18:01
8500,2015-07-28 12:18:01
8506,2015-07-28 13:18:01
8512,2015-07-28 14:18:01
8518,2015-07-28 15:18:01
8524,2015-07-28 16:18:01
8530,2015-07-28 17:18:01
8536,2015-07-28 18:18:01
8542,2015-07-28 19:18:01
8548,2015-07-28 20:18:01
8554,2015-07-28 21:18:01
8560,2015-07-28 22:18:01
8566,2015-07-28 23:18:01
8572,2015-07-29 00:18:01
8578,2015-07-29 01:18:01
8584,2015-07-29 02:18:01
8590,2015-07-29 03:18:01
8596,2015-07-29 04:18:01
8602,2015-07-29 05:18:01
8608,2015-07-29 06:18:01
8614,2015-07-29 07:18:01
8620,2015-07-29 08:18:01
8626,2015-07-29 09:18:01
8632,2015-07-29 10:18:01
8638,2015-07-29 11:18:01
8644,2015-07-29 12:18:01
8650,2015-07-29 13:18:01
8656,2015-07-29 14:18:01
8662,2015-07-29 15:18:01
8668,2015-07-29 16:18:01
8674,2015-07-29 17:18:01
8680,2015-07-29 18:18:01
8686,2015-07-29 19:18:01
8692,2015-07-29 20:18:01
8698,2015-07-29 21:18:01
8704,2015-07-29 22:18:01
8710,2015-07-29 23:18:01
8716,2015-07-30 00:18:01
8722,2015-07-30 01:18:01
8728,2015-07-30 02:18:01
8734,2015-07-30 03:18:01
8740,2015-07-30 04:18:01
8746,2015-07-30 05:18:01
8752,2015-07-30 06:18:01
8758,2015-07-30 07:18:01
8764,2015-07-30 08:18:01
8770,2015-07-30 09:18:01
8776,2015-07-30 10:18:01
8782,2015-07-30 11:18:01
8788,2015-07-30 12:18:01
8794,2015-07-30 13:18:01
8800,2015-07-30 14:18:01
8806,2015-07-30 15:18:01
8812,2015-07-30 16:18:01
8818,2015-07-30 17:18:01
8824,2015-07-30 18:18:01
8830,2015-07-30 19:18:01
8836,2015-07-30 20:18:01
8842,2015-07-30 21:18:01
8848,2015-07-30 22:18:01
8854,2015-07-30 23:18:01
8860,2015-07-31 00:18:01
8866,2015-07-31 01:18:01
8872,2015-07-31 02:18:01
8878,2015-07-31 03:18:01
8884,2015-07-31 04:18:01
8890,2015-07-31 05:18:01
8896,2015-07-31 06:18:01
8902,2015-07-31 07:18:01
8908,2015-07-31 08:18:01
8914,2015-07-31 09:18:01
8920,2015-07-31 10:18:01
8926,2015-07-31 11:18:01
8932,2015-07-31 12:18:01
8938,2015-07-31 13:18:01
8944,2015-07-31 14:18:01
8950,2015-07-31 15:18:01
8956,2015-07-31 16:18:01
8962,2015-07-31 17:18:01
8968,2015-07-31 18:18:01
8974,2015-07-31 19:18:01
8980,2015-07-31 20:18:01
8986,2015-07-31 21:18:01
8992,2015-07-31 22:18:01
8998,2015-07-31 23:18:01
9004,2015-08-01 00:18:01
9010,2015-08-01 01:18:01
9016,2015-08-01 02:18:01
9022,2015-08-01 03:18:01
9028,2015-08-01 04:18:01
9034,2015-08-01 05:18:01
9040,2015-08-01 06:18:01
9046,2015-08-01 07:18:01
9052,2015-08-01 08:18:01
9058,2015-08-01 09:18:01
9064,2015-08-01 10:18:01
9070,2015-08-01 11:18:01
9076,2015-08-01 12:18:01
9082,2015-08-01 13:18:01
9088,2015-08-01 14:18:01
9094,2015-08-01 15:18:01
9100,2015-08-01 16:18:01
9106,2015-08-01 17:18:01
9112,2015-08-01 18:18:01
9118,2015-08-01 19:18:01
9124,2015-08-01 20:18:01
9130,2015-08-01 21:18:01
9136,2015-08-01 22:18:01
9142,2015-08-01 23:18:01
9148,2015-08-02 00:18:01
9154,2015-08-02 01:18:01
9160,2015-08-02 02:18:01
9166,2015-08-02 03:18:01
9172,2015-08-02 04:18:01
9178,2015-08-02 05:18:01
9184,2015-08-02 06:18:01
9190,2015-08-02 07:18:01
9196,2015-08-02 08:18:01
9202,2015-08-02 09:18:01
9208,2015-08-02 10:18:01
9214,2015-08-02 11:18:01
9220,2015-08-02 12:18:01
9226,2015-08-02 13:18:01
9232,2015-08-02 14:18:01
9238,2015-08-02 15:18:01
9244,2015-08-02 16:18:01
9250,2015-08-02 17:18:01
9256,2015-08-02 18:18:01
9262,2015-08-02 19:18:01
9268,2015-08-02 20:18:01
9274,2015-08-02 21:18:01
9280,2015-08-02 22:18:01
9286,2015-08-02 23:18:01
9292,2015-08-03 00:18:01
9298,2015-08-03 01:18:01
9304,2015-08-03 02:18:01
9310,2015-08-03 03:18:01
9316,2015-08-03 04:18:01
9322,2015-08-03 05:18:01
9328,2015-08-03 06:18:01
9334,2015-08-03 07:18:01
9340,2015-08-03 08:18:01
9346,2015-08-03 09:18:01
9352,2015-08-03 10:18:01
9358,2015-08-03 11:18:01
9364,2015-08-03 12:18:01
9370,2015-08-03 13:18:01
9376,2015-08-03 14:18:01
9382,2015-08-03 15:18:01
9388,2015-08-03 16:18:01
9394,2015-08-03 17:18:01
9400,2015-08-03 18:18:01
9406,2015-08-03 19:18:01
9412,2015-08-03 20:18:01
9418,2015-08-03 21:18:01
9424,2015-08-03 22:18:01
9430,2015-08-03 23:18:01
9436,2015-08-04 00:18:01
9442,2015-08-04 01:18:01
9448,2015-08-04 02:18:01
9454,2015-08-04 03:18:01
9460,2015-08-04 04:18:01
9466,2015-08-04 05:18:01
9472,2015-08-04 06:18:01
9478,2015-08-04 07:18:01
9484,2015-08-04 08:18:01
9490,2015-08-04 09:18:01
9496,2015-08-04 10:18:01
9502,2015-08-04 11:18:01
9508,2015-08-04 12:18:01
9514,2015-08-04 13:18:01
9520,2015-08-04 14:18:01
9526,2015-08-04 15:18:01
9532,2015-08-04 16:18:01
9538,2015-08-04 17:18:01
9544,2015-08-04 18:18:01
9550,2015-08-04 19:18:01
9556,2015-08-04 20:18:01
9562,2015-08-04 21:18:01
9568,2015-08-04 22:18:01
9574,2015-08-04 23:18:01
9580,2015-08-05 00:18:01
9586,2015-08-05 01:18:01
9592,2015-08-05 02:18:01
9598,2015-08-05 03:18:01
9604,2015-08-05 04:18:01
9610,2015-08-05 05:18:01
9616,2015-08-05 06:18:01
9622,2015-08-05 07:18:01
9628,2015-08-05 08:18:01
9634,2015-08-05 09:18:01
9640,2015-08-05 10:18:01
9646,2015-08-05 11:18:01
9652,2015-08-05 12:18:01
9658,2015-08-05 13:18:01
9664,2015-08-05 14:18:01
9670,2015-08-05 15:18:01
9676,2015-08-05 16:18:01
9682,2015-08-05 17:18:01
9688,2015-08-05 18:18:01
9694,2015-08-05 19:18:01
9700,2015-08-05 20:18:01
9706,2015-08-05 21:18:01
9712,2015-08-05 22:18:01
9718,2015-08-05 23:18:01
9724,2015-08-06 00:18:01
9730,2015-08-06 01:18:01
9736,2015-08-06 02:18:01
9742,2015-08-06 03:18:01
9748,2015-08-06 04:18:01
9754,2015-08-06 05:18:01
9760,2015-08-06 06:18:01
9766,2015-08-06 07:18:01
9772,2015-08-06 08:18:01
9778,2015-08-06 09:18:01
9784,2015-08-06 10:18:01
9790,2015-08-06 11:18:01
9796,2015-08-06 12:18:01
9802,2015-08-06 13:18:01
9808,2015-08-06 14:18:01
9814,2015-08-06 15:18:01
9820,2015-08-06 16:18:01
9826,2015-08-06 17:18:01
9832,2015-08-06 18:18:01
9838,2015-08-06 19:18:01
9844,2015-08-06 20:18:01
9850,2015-08-06 21:18:01
9856,2015-08-06 22:18:01
9862,2015-08-06 23:18:01
9868,2015-08-07 00:18:01
9874,2015-08-07 01:18:01
9880,2015-08-07 02:18:01
9886,2015-08-07 03:18:01
9892,2015-08-07 04:18:01
9898,2015-08-07 05:18:01
9904,2015-08-07 06:18:01
9910,2015-08-07 07:18:01
9916,2015-08-07 08:18:01
9922,2015-08-07 09:18:01
9928,2015-08-07 10:18:01
9934,2015-08-07 11:18:01
9940,2015-08-07 12:18:01
9946,2015-08-07 13:18:01
9952,2015-08-07 14:18:01
9958,2015-08-07 15:18:01
9964,2015-08-07 16:18:01
9970,2015-08-07 17:18:01
9976,2015-08-07 18:18:01
9982,2015-08-07 19:18:01
9988,2015-08-07 20:18:01
9994,2015-08-07 21:18:01
10000,2015-08-07 22:18:01
10006,2015-08-07 23:18:01
10012,2015-08-08 00:18:01
10018,2015-08-08 01:18:01
10024,2015-08-08 02:18:01
10030,2015-08-08 03:18:01
10036,2015-08-08 04:18:01
10042,2015-08-08 05:18:01
10048,2015-08-08 06:18:01
10054,2015-08-08 07:18:01
10060,2015-08-08 08:18:01
10066,2015-08-08 09:18:01
10072,2015-08-08 10:18:01
10078,2015-08-08 11:18:01
10084,2015-08-08 12:18:01
10090,2015-08-08 13:18:01
10096,2015-08-08 14:18:01
10102,2015-08-08 15:18:01
10108,2015-08-08 16:18:01
10114,2015-08-08 17:18:01
10120,2015-08-08 18:18:01
10126,2015-08-08 19:18:01
10132,2015-08-08 20:18:01
10138,2015-08-08 21:18:01
10144,2015-08-08 22:18:01
10150,2015-08-08 23:18:01
10156,2015-08-09 00:18:01
10162,2015-08-09 01:18:01
10168,2015-08-09 02:18:01
10174,2015-08-09 03:18:01
10180,2015-08-09 04:18:01
10186,2015-08-09 05:18:01
10192,2015-08-09 06:18:01
10198,2015-08-09 07:18:01
10204,2015-08-09 08:18:01
10210,2015-08-09 09:18:01
10216,2015-08-09 10:18:01
10222,2015-08-09 11:18:01
10228,2015-08-09 12:18:01
10234,2015-08-09 13:18:01
10240,2015-08-09 14:18:01
10246,2015-08-09 15:18:01
10252,2015-08-09 16:18:01
10258,2015-08-09 17:18:01
10264,2015-08-09 18:18:01
10270,2015-08-09 19:18:01
10276,2015-08-09 20:18:01
10282,2015-08-09 21:18:01
10288,2015-08-09 22:18:01
10294,2015-08-09 23:18:01
10300,2015-08-10 00:18:01
10306,2015-08-10 01:18:01
10312,2015-08-10 02:18:01
10318,2015-08-10 03:18:01
10324,2015-08-10 04:18:01
10330,2015-08-10 05:18:01
10336,2015-08-10 06:18:01
10342,2015-08-10 07:18:01
10348,2015-08-10 08:18:01
10354,2015-08-10 09:18:01
10360,2015-08-10 10:18:01
10366,2015-08-10 11:18:01
10372,2015-08-10 12:18:01
10378,2015-08-10 13:18:01
10384,2015-08-10 14:18:01
10390,2015-08-10 15:18:01
10396,2015-08-10 16:18:01
10402,2015-08-10 17:18:01
10408,2015-08-10 18:18:01
10414,2015-08-10 19:18:01
10420,2015-08-10 20:18:01
10426,2015-08-10 21:18:01
10432,2015-08-10 22:18:01
10438,2015-08-10 23:18:01
10444,2015-08-11 00:18:01
10450,2015-08-11 01:18:01
10456,2015-08-11 02:18:01
10462,2015-08-11 03:18:01
10468,2015-08-11 04:18:01
10474,2015-08-11 05:18:01
10480,2015-08-11 06:18:01
10486,2015-08-11 07:18:01
10492,2015-08-11 08:18:01
10498,2015-08-11 09:18:01
10504,2015-08-11 10:18:01
10510,2015-08-11 11:18:01
10516,2015-08-11 12:18:01
10522,2015-08-11 13:18:01
10528,2015-08-11 14:18:01
10534,2015-08-11 15:18:01
10540,2015-08-11 16:18:01
10546,2015-08-11 17:18:01
10552,2015-08-11 18:18:01
10558,2015-08-11 19:18:01
10564,2015-08-11 20:18:01
10570,2015-08-11 21:18:01
10576,2015-08-11 22:18:01
10582,2015-08-11 23:18:01
10588,2015-08-12 00:18:01
10594,2015-08-12 01:18:01
10600,2015-08-12 02:18:01
10606,2015-08-12 03:18:01
10612,2015-08-12 04:18:01
10618,2015-08-12 05:18:01
10624,2015-08-12 06:18:01
10630,2015-08-12 07:18:01
10636,2015-08-12 08:18:01
10642,2015-08-12 09:18:01
10648,2015-08-12 10:18:01
10654,2015-08-12 11:18:01
10660,2015-08-12 12:18:01
10666,2015-08-12 13:18:01
10672,2015-08-12 14:18:01
10678,2015-08-12 15:18:01
10684,2015-08-12 16:18:01
10690,2015-08-12 17:18:01
10696,2015-08-12 18:18:01
10702,2015-08-12 19:18:01
10708,2015-08-12 20:18:01
10714,2015-08-12 21:18:01
10720,2015-08-12 22:18:01
10726,2015-08-12 23:18:01
10732,2015-08-13 00:18:01
10738,2015-08-13 01:18:01
10744,2015-08-13 02:18:01
10750,2015-08-13 03:18:01
10756,2015-08-13 04:18:01
10762,2015-08-13 05:18:01
10768,2015-08-13 06:18:01
10774,2015-08-13 07:18:01
10780,2015-08-13 08:18:01
10786,2015-08-13 09:18:01
10792,2015-08-13 10:18:01
10798,2015-08-13 11:18:01
10804,2015-08-13 12:18:01
10810,2015-08-13 13:18:01
10816,2015-08-13 14:18:01
10822,2015-08-13 15:18:01
10828,2015-08-13 16:18:01
10834,2015-08-13 17:18:01
10840,2015-08-13 18:18:01
10846,2015-08-13 19:18:01
10852,2015-08-13 20:18:01
10858,2015-08-13 21:18:01
10864,2015-08-13 22:18:01
10870,2015-08-13 23:18:01
10876,2015-08-14 00:18:01
10882,2015-08-14 01:18:01
10888,2015-08-14 02:18:01
10894,2015-08-14 03:18:01
10900,2015-08-14 04:18:01
10906,2015-08-14 05:18:01
10912,2015-08-14 06:18:01
10918,2015-08-14 07:18:01
10924,2015-08-14 08:18:01
10930,2015-08-14 09:18:01
10936,2015-08-14 10:18:01
10942,2015-08-14 11:18:01
10948,2015-08-14 12:18:01
10954,2015-08-14 13:18:01
10960,2015-08-14 14:18:01
10966,2015-08-14 15:18:01
10972,2015-08-14 16:18:01
10978,2015-08-14 17:18:01
10984,2015-08-14 18:18:01
10990,2015-08-14 19:18:01
10996,2015-08-14 20:18:01
11002,2015-08-14 21:18:01
11008,2015-08-14 22:18:01
11014,2015-08-14 23:18:01
11020,2015-08-15 00:18:01
11026,2015-08-15 01:18:01
11032,2015-08-15 02:18:01
11038,2015-08-15 03:18:01
11044,2015-08-15 04:18:01
11050,2015-08-15 05:18:01
11056,2015-08-15 06:18:01
11062,2015-08-15 07:18:01
11068,2015-08-15 08:18:01
11074,2015-08-15 09:18:01
11080,2015-08-15 10:18:01
11086,2015-08-15 11:18:01
11092,2015-08-15 12:18:01
11098,2015-08-15 13:18:01
11104,2015-08-15 14:18:01
11110,2015-08-15 15:18:01
11116,2015-08-15 16:18:01
11122,2015-08-15 17:18:01
11128,2015-08-15 18:18:01
11134,2015-08-15 19:18:01
11140,2015-08-15 20:18:01
11146,2015-08-15 21:18:01
11152,2015-08-15 22:18:01
11158,2015-08-15 23:18:01
11164,2015-08-16 00:18:01
11170,2015-08-16 01:18:01
11176,2015-08-16 02:18:01
11182,2015-08-16 03:18:01
11188,2015-08-16 04:18:01
11194,2015-08-16 05:18:01
11200,2015-08-16 06:18:01
11206,2015-08-16 07:18:01
11212,2015-08-16 08:18:01
11218,2015-08-16 09:18:01
11224,2015-08-16 10:18:01
11230,2015-08-16 11:18:01
11236,2015-08-16 12:18:01
11242,2015-08-16 13:18:01
11248,2015-08-16 14:18:01
11254,2015-08-16 15:18:01
11260,2015-08-16 16:18:01
11266,2015-08-16 17:18:01
11272,2015-08-16 18:18:01
11278,2015-08-16 19:18:01
11284,2015-08-16 20:18:01
11290,2015-08-16 21:18:01
11296,2015-08-16 22:18:01
11302,2015-08-16 23:18:01
11308,2015-08-17 00:18:01
11314,2015-08-17 01:18:01
11320,2015-08-17 02:18:01
11326,2015-08-17 03:18:01
11332,2015-08-17 04:18:01
11338,2015-08-17 05:18:01
11344,2015-08-17 06:18:01
11350,2015-08-17 07:18:01
11356,2015-08-17 08:18:01
11362,2015-08-17 09:18:01
11368,2015-08-17 10:18:01
11374,2015-08-17 11:18:01
11380,2015-08-17 12:18:01
11386,2015-08-17 13:18:01
11392,2015-08-17 14:18:01
11398,2015-08-17 15:18:01
11404,2015-08-17 16:18:01
11410,2015-08-17 17:18:01
11416,2015-08-17 18:18:01
11422,2015-08-17 19:18:01
11428,2015-08-17 20:18:01
11434,2015-08-17 21:18:01
11440,2015-08-17 22:18:01
11446,2015-08-17 23:18:01
11452,2015-08-18 00:18:01
11458,2015-08-18 01:18:01
11464,2015-08-18 02:18:01
11470,2015-08-18 03:18:01
11476,2015-08-18 04:18:01
11482,2015-08-18 05:18:01
11488,2015-08-18 06:18:01
11494,2015-08-18 07:18:01
11500,2015-08-18 08:18:01
11506,2015-08-18 09:18:01
11512,2015-08-18 10:18:01
11518,2015-08-18 11:18:01
11524,2015-08-18 12:18:01
11530,2015-08-18 13:18:01
11536,2015-08-18 14:18:01
11542,2015-08-18 15:18:01
11548,2015-08-18 16:18:01
11554,2015-08-18 17:18:01
11560,2015-08-18 18:18:01
11566,2015-08-18 19:18:01
11572,2015-08-18 20:18:01
11578,2015-08-18 21:18:01
11584,2015-08-18 22:18:01
11590,2015-08-18 23:18:01
11596,2015-08-19 00:18:01
11602,2015-08-19 01:18:01
11608,2015-08-19 02:18:01
11614,2015-08-19 03:18:01
11620,2015-08-19 04:18:01
11626,2015-08-19 05:18:01
11632,2015-08-19 06:18:01
11638,2015-08-19 07:18:01
11644,2015-08-19 08:18:01
11650,2015-08-19 09:18:01
11656,2015-08-19 10:18:01
11662,2015-08-19 11:18:01
11668,2015-08-19 12:18:01
11674,2015-08-19 13:18:01
11680,2015-08-19 14:18:01
11686,2015-08-19 15:18:01
11692,2015-08-19 16:18:01
11698,2015-08-19 17:18:01
11704,2015-08-19 18:18:01
11710,2015-08-19 19:18:01
11716,2015-08-19 20:18:01
11722,2015-08-19 21:18:01
11728,2015-08-19 22:18:01
11734,2015-08-19 23:18:01
11740,2015-08-20 00:18:01
11746,2015-08-20 01:18:01
11752,2015-08-20 02:18:01
11758,2015-08-20 03:18:01
11764,2015-08-20 04:18:01
11770,2015-08-20 05:18:01
11776,2015-08-20 06:18:01
11782,2015-08-20 07:18:01
11788,2015-08-20 08:18:01
11794,2015-08-20 09:18:01
11800,2015-08-20 10:18:01
11806,2015-08-20 11:18:01
11812,2015-08-20 12:18:01
11818,2015-08-20 13:18:01
11824,2015-08-20 14:18:01
11830,2015-08-20 15:18:01
11836,2015-08-20 16:18:01
11842,2015-08-20 17:18:01
11848,2015-08-20 18:18:01
11854,2015-08-20 19:18:01
11860,2015-08-20 20:18:01
11866,2015-08-20 21:18:01
11872,2015-08-20 22:18:01
11878,2015-08-20 23:18:01
11884,2015-08-21 00:18:01
11890,2015-08-21 01:18:01
11896,2015-08-21 02:18:01
11902,2015-08-21 03:18:01
11908,2015-08-21 04:18:01
11914,2015-08-21 05:18:01
11920,2015-08-21 06:18:01
11926,2015-08-21 07:18:01
11932,2015-08-21 08:18:01
11938,2015-08-21 09:18:01
11944,2015-08-21 10:18:01
11950,2015-08-21 11:18:01
11956,2015-08-21 12:18:01
11962,2015-08-21 13:18:01
11968,2015-08-21 14:18:01
11974,2015-08-21 15:18:01
11980,2015-08-21 16:18:01
11986,2015-08-21 17:18:01
11992,2015-08-21 18:18:01
11998,2015-08-21 19:18:01
12004,2015-08-21 20:18:01
12010,2015-08-21 21:18:01
12016,2015-08-21 22:18:01
12022,2015-08-21 23:18:01
12028,2015-08-22 00:18:01
12034,2015-08-22 01:18:01
12040,2015-08-22 02:18:01
12046,2015-08-22 03:18:01
12052,2015-08-22 04:18:01
12058,2015-08-22 05:18:01
12064,2015-08-22 06:18:01
12070,2015-08-22 07:18:01
12076,2015-08-22 08:18:01
12082,2015-08-22 09:18:01
12088,2015-08-22 10:18:01
12094,2015-08-22 11:18:01
12100,2015-08-22 12:18:01
12106,2015-08-22 13:18:01
12112,2015-08-22 14:18:01
12118,2015-08-22 15:18:01
12124,2015-08-22 16:18:01
12130,2015-08-22 17:18:01
12136,2015-08-22 18:18:01
12142,2015-08-22 19:18:01
12148,2015-08-22 20:18:01
12154,2015-08-22 21:18:01
12160,2015-08-22 22:18:01
12166,2015-08-22 23:18:01
12172,2015-08-23 00:18:01
12178,2015-08-23 01:18:01
12184,2015-08-23 02:18:01
12190,2015-08-23 03:18:01
12196,2015-08-23 04:18:01
12202,2015-08-23 05:18:01
12208,2015-08-23 06:18:01
12214,2015-08-23 07:18:01
12220,2015-08-23 08:18:01
12226,2015-08-23 09:18:01
12232,2015-08-23 10:18:01
12238,2015-08-23 11:18:01
12244,2015-08-23 12:18:01
12250,2015-08-23 13:18:01
12256,2015-08-23 14:18:01
12262,2015-08-23 15:18:01
12268,2015-08-23 16:18:01
12274,2015-08-23 17:18:01
12280,2015-08-23 18:18:01
12286,2015-08-23 19:18:01
12292,2015-08-23 20:18:01
12298,2015-08-23 21:18:01
12304,2015-08-23 22:18:01
12310,2015-08-23 23:18:01
12316,2015-08-24 00:18:01
12322,2015-08-24 01:18:01
12328,2015-08-24 02:18:01
12334,2015-08-24 03:18:01
12340,2015-08-24 04:18:01
12346,2015-08-24 05:18:01
12352,2015-08-24 06:18:01
12358,2015-08-24 07:18:01
12364,2015-08-24 08:18:01
12370,2015-08-24 09:18:01
12376,2015-08-24 10:18:01
12382,2015-08-24 11:18:01
12388,2015-08-24 12:18:01
12394,2015-08-24 13:18:01
12400,2015-08-24 14:18:01
12406,2015-08-24 15:18:01
12412,2015-08-24 16:18:01
12418,2015-08-24 17:18:01
12424,2015-08-24 18:18:01
12430,2015-08-24 19:18:01
12436,2015-08-24 20:18:01
12442,2015-08-24 21:18:01
12448,2015-08-24 22:18:01
12454,2015-08-24 23:18:01
12460,2015-08-25 00:18:01
12466,2015-08-25 01:18:01
12472,2015-08-25 02:18:01
12478,2015-08-25 03:18:01
12484,2015-08-25 04:18:01
12490,2015-08-25 05:18:01
12496,2015-08-25 06:18:01
12502,2015-08-25 07:18:01
12508,2015-08-25 08:18:01
12514,2015-08-25 09:18:01
12520,2015-08-25 10:18:01
12526,2015-08-25 11:18:01
12532,2015-08-25 12:18:01
12538,2015-08-25 13:18:01
12544,2015-08-25 14:18:01
12550,2015-08-25 15:18:01
12556,2015-08-25 16:18:01
12562,2015-08-25 17:18:01
12568,2015-08-25 18:18:01
12574,2015-08-25 19:18:01
12580,2015-08-25 20:18:01
12586,2015-08-25 21:18:01
12592,2015-08-25 22:18:01
12598,2015-08-25 23:18:01
12604,2015-08-26 00:18:01
12610,2015-08-26 01:18:01
12616,2015-08-26 02:18:01
12622,2015-08-26 03:18:01
12628,2015-08-26 04:18:01
12634,2015-08-26 05:18:01
12640,2015-08-26 06:18:01
12646,2015-08-26 07:18:01
12652,2015-08-26 08:18:01
12658,2015-08-26 09:18:01
12664,2015-08-26 10:18:01
12670,2015-08-26 11:18:01
12676,2015-08-26 12:18:01
12682,2015-08-26 13:18:01
12688,2015-08-26 14:18:01
12694,2015-08-26 15:18:01
12700,2015-08-26 16:18:01
12706,2015-08-26 17:18:01
12712,2015-08-26 18:18:01
12718,2015-08-26 19:18:01
12724,2015-08-26 20:18:01
12730,2015-08-26 21:18:01
12736,2015-08-26 22:18:01
12742,2015-08-26 23:18:01
12748,2015-08-27 00:18:01
12754,2015-08-27 01:18:01
12760,2015-08-27 02:18:01
12766,2015-08-27 03:18:01
12772,2015-08-27 04:18:01
12778,2015-08-27 05:18:01
12784,2015-08-27 06:18:01
12790,2015-08-27 07:18:01
12796,2015-08-27 08:18:01
12802,2015-08-27 09:18:01
12808,2015-08-27 10:18:01
12814,2015-08-27 11:18:01
12820,2015-08-27 12:18:01
12826,2015-08-27 13:18:01
12832,2015-08-27 14:18:01
12838,2015-08-27 15:18:01
12844,2015-08-27 16:18:01
12850,2015-08-27 17:18:01
12856,2015-08-27 18:18:01
12862,2015-08-27 19:18:01
12868,2015-08-27 20:18:01
12874,2015-08-27 21:18:01
12880,2015-08-27 22:18:01
12886,2015-08-27 23:18:01
12892,2015-08-28 00:18:01
12898,2015-08-28 01:18:01
12904,2015-08-28 02:18:01
12910,2015-08-28 03:18:01
12916,2015-08-28 04:18:01
12922,2015-08-28 05:18:01
12928,2015-08-28 06:18:01
12934,2015-08-28 07:18:01
12940,2015-08-28 08:18:01
12946,2015-08-28 09:18:01
12952,2015-08-28 10:18:01
12958,2015-08-28 11:18:01
12964,2015-08-28 12:18:01
12970,2015-08-28 13:18:01
12976,2015-08-28 14:18:01
12982,2015-08-28 15:18:01
12988,2015-08-28 16:18:01
12994,2015-08-28 17:18:01
13000,2015-08-28 18:18:01
13006,2015-08-28 19:18:01
13012,2015-08-28 20:18:01
13018,2015-08-28 21:18:01
13024,2015-08-28 22:18:01
13030,2015-08-28 23:18:01
13036,2015-08-29 00:18:01
13042,2015-08-29 01:18:01
13048,2015-08-29 02:18:01
13054,2015-08-29 03:18:01
13060,2015-08-29 04:18:01
13066,2015-08-29 05:18:01
13072,2015-08-29 06:18:01
13078,2015-08-29 07:18:01
13084,2015-08-29 08:18:01
13090,2015-08-29 09:18:01
13096,2015-08-29 10:18:01
13102,2015-08-29 11:18:01
13108,2015-08-29 12:18:01
13114,2015-08-29 13:18:01
13120,2015-08-29 14:18:01
13126,2015-08-29 15:18:01
13132,2015-08-29 16:18:01
13138,2015-08-29 17:18:01
13144,2015-08-29 18:18:01
13150,2015-08-29 19:18:01
13156,2015-08-29 20:18:01
13162,2015-08-29 21:18:01
13168,2015-08-29 22:18:01
13174,2015-08-29 23:18:01
13180,2015-08-30 00:18:01
13186,2015-08-30 01:18:01
13192,2015-08-30 02:18:01
13198,2015-08-30 03:18:01
13204,2015-08-30 04:18:01
13210,2015-08-30 05:18:01
13216,2015-08-30 06:18:01
13222,2015-08-30 07:18:01
13228,2015-08-30 08:18:01
13234,2015-08-30 09:18:01
13240,2015-08-30 10:18:01
13246,2015-08-30 11:18:01
13252,2015-08-30 12:18:01
13258,2015-08-30 13:18:01
13264,2015-08-30 14:18:01
13270,2015-08-30 15:18:01
13276,2015-08-30 16:18:01
13282,2015-08-30 17:18:01
13288,2015-08-30 18:18:01
13294,2015-08-30 19:18:01
13300,2015-08-30 20:18:01
13306,2015-08-30 21:18:01
13312,2015-08-30 22:18:01
13318,2015-08-30 23:18:01
13324,2015-08-31 00:18:01
13330,2015-08-31 01:18:01
13336,2015-08-31 02:18:01
13342,2015-08-31 03:18:01
13348,2015-08-31 04:18:01
13354,2015-08-31 05:18:01
13360,2015-08-31 06:18:01
13366,2015-08-31 07:18:01
13372,2015-08-31 08:18:01
13378,2015-08-31 09:18:01
13384,2015-08-31 10:18:01
13390,2015-08-31 11:18:01
13396,2015-08-31 12:18:01
13402,2015-08-31 13:18:01
13408,2015-08-31 14:18:01
13414,2015-08-31 15:18:01
13420,2015-08-31 16:18:01
13426,2015-08-31 17:18:01
13432,2015-08-31 18:18:01
13438,2015-08-31 19:18:01
13444,2015-08-31 20:18:01
13450,2015-08-31 21:18:01
13456,2015-08-31 22:18:01
13462,2015-08-31 23:18:01
13468,2015-09-01 00:18:01
13474,2015-09-01 01:18:01
13480,2015-09-01 02:18:01
13486,2015-09-01 03:18:01
13492,2015-09-01 04:18:01
13498,2015-09-01 05:18:01
13504,2015-09-01 06:18:01
13510,2015-09-01 07:18:01
13516,2015-09-01 08:18:01
13522,2015-09-01 09:18:01
13528,2015-09-01 10:18:01
13534,2015-09-01 11:18:01
13540,2015-09-01 12:18:01
13546,2015-09-01 13:18:01
13552,2015-09-01 14:18:01
13558,2015-09-01 15:18:01
13564,2015-09-01 16:18:01
13570,2015-09-01 17:18:01
13576,2015-09-01 18:18:01
13582,2015-09-01 19:18:01
13588,2015-09-01 20:18:01
13594,2015-09-01 21:18:01
13600,2015-09-01 22:18:01
13606,2015-09-01 23:18:01
13612,2015-09-02 00:18:01
13618,2015-09-02 01:18:01
13624,2015-09-02 02:18:01
13630,2015-09-02 03:18:01
13636,2015-09-02 04:18:01
13642,2015-09-02 05:18:01
13648,2015-09-02 06:18:01
13654,2015-09-02 07:18:01
13660,2015-09-02 08:18:01
13666,2015-09-02 09:18:01
13672,2015-09-02 10:18:01
13678,2015-09-02 11:18:01
13684,2015-09-02 12:18:01
13690,2015-09-02 13:18:01
13696,2015-09-02 14:18:01
13702,2015-09-02 15:18:01
13708,2015-09-02 16:18:01
13714,2015-09-02 17:18:01
13720,2015-09-02 18:18:01
13726,2015-09-02 19:18:01
13732,2015-09-02 20:18:01
13738,2015-09-02 21:18:01
13744,2015-09-02 22:18:01
13750,2015-09-02 23:18:01
13756,2015-09-03 00:18:01
13762,2015-09-03 01:18:01
13768,2015-09-03 02:18:01
13774,2015-09-03 03:18:01
13780,2015-09-03 04:18:01
13786,2015-09-03 05:18:01
13792,2015-09-03 06:18:01
13798,2015-09-03 07:18:01
13804,2015-09-03 08:18:01
13810,2015-09-03 09:18:01
13816,2015-09-03 10:18:01
13822,2015-09-03 11:18:01
13828,2015-09-03 12:18:01
13834,2015-09-03 13:18:01
13840,2015-09-03 14:18:01
13846,2015-09-03 15:18:01
13852,2015-09-03 16:18:01
13858,2015-09-03 17:18:01
13864,2015-09-03 18:18:01
13870,2015-09-03 19:18:01
13876,2015-09-03 20:18:01
13882,2015-09-03 21:18:01
13888,2015-09-03 22:18:01
13894,2015-09-03 23:18:01
13900,2015-09-04 00:18:01
13906,2015-09-04 01:18:01
13912,2015-09-04 02:18:01
13918,2015-09-04 03:18:01
13924,2015-09-04 04:18:01
13930,2015-09-04 05:18:01
13936,2015-09-04 06:18:01
13942,2015-09-04 07:18:01
13948,2015-09-04 08:18:01
13954,2015-09-04 09:18:01
13960,2015-09-04 10:18:01
13966,2015-09-04 11:18:01
13972,2015-09-04 12:18:01
13978,2015-09-04 13:18:01
13984,2015-09-04 14:18:01
13990,2015-09-04 15:18:01
13996,2015-09-04 16:18:01
14002,2015-09-04 17:18:01
14008,2015-09-04 18:18:01
14014,2015-09-04 19:18:01
14020,2015-09-04 20:18:01
14026,2015-09-04 21:18:01
14032,2015-09-04 22:18:01
14038,2015-09-04 23:18:01
14044,2015-09-05 00:18:01
14050,2015-09-05 01:18:01
14056,2015-09-05 02:18:01
14062,2015-09-05 03:18:01
14068,2015-09-05 04:18:01
14074,2015-09-05 05:18:01
14080,2015-09-05 06:18:01
14086,2015-09-05 07:18:01
14092,2015-09-05 08:18:01
14098,2015-09-05 09:18:01
14104,2015-09-05 10:18:01
14110,2015-09-05 11:18:01
14116,2015-09-05 12:18:01
14122,2015-09-05 13:18:01
14128,2015-09-05 14:18:01
14134,2015-09-05 15:18:01
14140,2015-09-05 16:18:01
14146,2015-09-05 17:18:01
14152,2015-09-05 18:18:01
14158,2015-09-05 19:18:01
14164,2015-09-05 20:18:01
14170,2015-09-05 21:18:01
14176,2015-09-05 22:18:01
14182,2015-09-05 23:18:01
14188,2015-09-06 00:18:01
14194,2015-09-06 01:18:01
14200,2015-09-06 02:18:01
14206,2015-09-06 03:18:01
14212,2015-09-06 04:18:01
14218,2015-09-06 05:18:01
14224,2015-09-06 06:18:01
14230,2015-09-06 07:18:01
14236,2015-09-06 08:18:01
14242,2015-09-06 09:18:01
14248,2015-09-06 10:18:01
14254,2015-09-06 11:18:01
14260,2015-09-06 12:18:01
14266,2015-09-06 13:18:01
14272,2015-09-06 14:18:01
14278,2015-09-06 15:18:01
14284,2015-09-06 16:18:01
14290,2015-09-06 17:18:01
14296,2015-09-06 18:18:01
14302,2015-09-06 19:18:01
14308,2015-09-06 20:18:01
14314,2015-09-06 21:18:01
14320,2015-09-06 22:18:01
14326,2015-09-06 23:18:01
14332,2015-09-07 00:18:01
14338,2015-09-07 01:18:01
14344,2015-09-07 02:18:01
14350,2015-09-07 03:18:01
14356,2015-09-07 04:18:01
14362,2015-09-07 05:18:01
14368,2015-09-07 06:18:01
14374,2015-09-07 07:18:01
14380,2015-09-07 08:18:01
14386,2015-09-07 09:18:01
14392,2015-09-07 10:18:01
14398,2015-09-07 11:18:01
14404,2015-09-07 12:18:01
14410,2015-09-07 13:18:01
14416,2015-09-07 14:18:01
14422,2015-09-07 15:18:01
14428,2015-09-07 16:18:01
14434,2015-09-07 17:18:01
14440,2015-09-07 18:18:01
14446,2015-09-07 19:18:01
14452,2015-09-07 20:18:01
14458,2015-09-07 21:18:01
14464,2015-09-07 22:18:01
14470,2015-09-07 23:18:01
14476,2015-09-08 00:18:01
14482,2015-09-08 01:18:01
14488,2015-09-08 02:18:01
14494,2015-09-08 03:18:01
14500,2015-09-08 04:18:01
14506,2015-09-08 05:18:01
14512,2015-09-08 06:18:01
14518,2015-09-08 07:18:01
14524,2015-09-08 08:18:01
14530,2015-09-08 09:18:01
14536,2015-09-08 10:18:01
14542,2015-09-08 11:18:01
14548,2015-09-08 12:18:01
14554,2015-09-08 13:18:01
14560,2015-09-08 14:18:01
14566,2015-09-08 15:18:01
14572,2015-09-08 16:18:01
14578,2015-09-08 17:18:01
14584,2015-09-08 18:18:01
14590,2015-09-08 19:18:01
14596,2015-09-08 20:18:01
14602,2015-09-08 21:18:01
14608,2015-09-08 22:18:01
14614,2015-09-08 23:18:01
14620,2015-09-09 00:18:01
14626,2015-09-09 01:18:01
14632,2015-09-09 02:18:01
14638,2015-09-09 03:18:01
14644,2015-09-09 04:18:01
14650,2015-09-09 05:18:01
14656,2015-09-09 06:18:01
14662,2015-09-09 07:18:01
14668,2015-09-09 08:18:01
14674,2015-09-09 09:18:01
14680,2015-09-09 10:18:01
14686,2015-09-09 11:18:01
14692,2015-09-09 12:18:01
14698,2015-09-09 13:18:01
14704,2015-09-09 14:18:01
14710,2015-09-09 15:18:01
14716,2015-09-09 16:18:01
14722,2015-09-09 17:18:01
14728,2015-09-09 18:18:01
14734,2015-09-09 19:18:01
14740,2015-09-09 20:18:01
14746,2015-09-09 21:18:01
14752,2015-09-09 22:18:01
14758,2015-09-09 23:18:01
14764,2015-09-10 00:18:01
14770,2015-09-10 01:18:01
14776,2015-09-10 02:18:01
14782,2015-09-10 03:18:01
14788,2015-09-10 04:18:01
14794,2015-09-10 05:18:01
14800,2015-09-10 06:18:01
14806,2015-09-10 07:18:01
14812,2015-09-10 08:18:01
14818,2015-09-10 09:18:01
14824,2015-09-10 10:18:01
14830,2015-09-10 11:18:01
14836,2015-09-10 12:18:01
14842,2015-09-10 13:18:01
14848,2015-09-10 14:18:01
14854,2015-09-10 15:18:01
14860,2015-09-10 16:18:01
14866,2015-09-10 17:18:01
14872,2015-09-10 18:18:01
14878,2015-09-10 19:18:01
14884,2015-09-10 20:18:01
14890,2015-09-10 21:18:01
14896,2015-09-10 22:18:01
14902,2015-09-10 23:18:01
14908,2015-09-11 00:18:01
14914,2015-09-11 01:18:01
14920,2015-09-11 02:18:01
14926,2015-09-11 03:18:01
14932,2015-09-11 04:18:01
14938,2015-09-11 05:18:01
14944,2015-09-11 06:18:01
14950,2015-09-11 07:18:01
14956,2015-09-11 08:18:01
14962,2015-09-11 09:18:01
14968,2015-09-11 10:18:01
14974,2015-09-11 11:18:01
14980,2015-09-11 12:18:01
14986,2015-09-11 13:18:01
14992,2015-09-11 14:18:01
14998,2015-09-11 15:18:01
15004,2015-09-11 16:18:01
15010,2015-09-11 17:18:01
15016,2015-09-11 18:18:01
15022,2015-09-11 19:18:01
15028,2015-09-11 20:18:01
15034,2015-09-11 21:18:01
15040,2015-09-11 22:18:01
15046,2015-09-11 23:18:01
15052,2015-09-12 00:18:01
15058,2015-09-12 01:18:01
15064,2015-09-12 02:18:01
15070,2015-09-12 03:18:01
15076,2015-09-12 04:18:01
15082,2015-09-12 05:18:01
15088,2015-09-12 06:18:01
15094,2015-09-12 07:18:01
15100,2015-09-12 08:18:01
15106,2015-09-12 09:18:01
15112,2015-09-12 10:18:01
15118,2015-09-12 11:18:01
15124,2015-09-12 12:18:01
15130,2015-09-12 13:18:01
15136,2015-09-12 14:18:01
15142,2015-09-12 15:18:01
15148,2015-09-12 16:18:01
15154,2015-09-12 17:18:01
15160,2015-09-12 18:18:01
15166,2015-09-12 19:18:01
15172,2015-09-12 20:18:01
15178,2015-09-12 21:18:01
15184,2015-09-12 22:18:01
15190,2015-09-12 23:18:01
15196,2015-09-13 00:18:01
15202,2015-09-13 01:18:01
15208,2015-09-13 02:18:01
15214,2015-09-13 03:18:01
15220,2015-09-13 04:18:01
15226,2015-09-13 05:18:01
15232,2015-09-13 06:18:01
15238,2015-09-13 07:18:01
15244,2015-09-13 08:18:01
15250,2015-09-13 09:18:01
15256,2015-09-13 10:18:01
15262,2015-09-13 11:18:01
15268,2015-09-13 12:18:01
15274,2015-09-13 13:18:01
15280,2015-09-13 14:18:01
15286,2015-09-13 15:18:01
15292,2015-09-13 16:18:01
15298,2015-09-13 17:18:01
15304,2015-09-13 18:18:01
15310,2015-09-13 19:18:01
15316,2015-09-13 20:18:01
15322,2015-09-13 21:18:01
15328,2015-09-13 22:18:01
15334,2015-09-13 23:18:01
15340,2015-09-14 00:18:01
15346,2015-09-14 01:18:01
15352,2015-09-14 02:18:01
15358,2015-09-14 03:18:01
15364,2015-09-14 04:18:01
15370,2015-09-14 05:18:01
15376,2015-09-14 06:18:01
15382,2015-09-14 07:18:01
15388,2015-09-14 08:18:01
15394,2015-09-14 09:18:01
15400,2015-09-14 10:18:01
15406,2015-09-14 11:18:01
15412,2015-09-14 12:18:01
15418,2015-09-14 13:18:01
15424,2015-09-14 14:18:01
15430,2015-09-14 15:18:01
15436,2015-09-14 16:18:01
15442,2015-09-14 17:18:01
15448,2015-09-14 18:18:01
15454,2015-09-14 19:18:01
15460,2015-09-14 20:18:01
15466,2015-09-14 21:18:01
15472,2015-09-14 22:18:01
15478,2015-09-14 23:18:01
15484,2015-09-15 00:18:01
15490,2015-09-15 01:18:01
15496,2015-09-15 02:18:01
15502,2015-09-15 03:18:01
15508,2015-09-15 04:18:01
15514,2015-09-15 05:18:01
15520,2015-09-15 06:18:01
15526,2015-09-15 07:18:01
15532,2015-09-15 08:18:01
15538,2015-09-15 09:18:01
15544,2015-09-15 10:18:01
15550,2015-09-15 11:18:01
15556,2015-09-15 12:18:01
15562,2015-09-15 13:18:01
15568,2015-09-15 14:18:01
15574,2015-09-15 15:18:01
15580,2015-09-15 16:18:01
15586,2015-09-15 17:18:01
15592,2015-09-15 18:18:01
15598,2015-09-15 19:18:01
15604,2015-09-15 20:18:01
15610,2015-09-15 21:18:01
15616,2015-09-15 22:18:01
15622,2015-09-15 23:18:01
15628,2015-09-16 00:18:01
15634,2015-09-16 01:18:01
15640,2015-09-16 02:18:01
15646,2015-09-16 03:18:01
15652,2015-09-16 04:18:01
15658,2015-09-16 05:18:01
15664,2015-09-16 06:18:01
15670,2015-09-16 07:18:01
15676,2015-09-16 08:18:01
15682,2015-09-16 09:18:01
15688,2015-09-16 10:18:01
15694,2015-09-16 11:18:01
15700,2015-09-16 12:18:01
15706,2015-09-16 13:18:01
15712,2015-09-16 14:18:01
15718,2015-09-16 15:18:01
15724,2015-09-16 16:18:01
15730,2015-09-16 17:18:01
15736,2015-09-16 18:18:01
15742,2015-09-16 19:18:01
15748,2015-09-16 20:18:01
15754,2015-09-16 21:18:01
15760,2015-09-16 22:18:01
15766,2015-09-16 23:18:01
15772,2015-09-17 00:18:01
15778,2015-09-17 01:18:01
15784,2015-09-17 02:18:01
15790,2015-09-17 03:18:01
15796,2015-09-17 04:18:01
15802,2015-09-17 05:18:01
15808,2015-09-17 06:18:01
15814,2015-09-17 07:18:01
15820,2015-09-17 08:18:01
15826,2015-09-17 09:18:01
15832,2015-09-17 10:18:01
15838,2015-09-17 11:18:01
15844,2015-09-17 12:18:01
15850,2015-09-17 13:18:01
15856,2015-09-17 14:18:01
15862,2015-09-17 15:18:01
15868,2015-09-17 16:18:01
15874,2015-09-17 17:18:01
15880,2015-09-17 18:18:01
15886,2015-09-17 19:18:01
15892,2015-09-17 20:18:01
15898,2015-09-17 21:18:01
15904,2015-09-17 22:18:01
15910,2015-09-17 23:18:01
15916,2015-09-18 00:18:01
15922,2015-09-18 01:18:01
15928,2015-09-18 02:18:01
15934,2015-09-18 03:18:01
15940,2015-09-18 04:18:01
15946,2015-09-18 05:18:01
15952,2015-09-18 06:18:01
15958,2015-09-18 07:18:01
15964,2015-09-18 08:18:01
15970,2015-09-18 09:18:01
15976,2015-09-18 10:18:01
15982,2015-09-18 11:18:01
15988,2015-09-18 12:18:01
15994,2015-09-18 13:18:01
16000,2015-09-18 14:18:01
16006,2015-09-18 15:18:01
16012,2015-09-18 16:18:01
16018,2015-09-18 17:18:01
16024,2015-09-18 18:18:01
16030,2015-09-18 19:18:01
16036,2015-09-18 20:18:01
16042,2015-09-18 21:18:01
16048,2015-09-18 22:18:01
16054,2015-09-18 23:18:01
16060,2015-09-19 00:18:01
16066,2015-09-19 01:18:01
16072,2015-09-19 02:18:01
16078,2015-09-19 03:18:01
16084,2015-09-19 04:18:01
16090,2015-09-19 05:18:01
16096,2015-09-19 06:18:01
16102,2015-09-19 07:18:01
16108,2015-09-19 08:18:01
16114,2015-09-19 09:18:01
16120,2015-09-19 10:18:01
16126,2015-09-19 11:18:01
16132,2015-09-19 12:18:01
16138,2015-09-19 13:18:01
16144,2015-09-19 14:18:01
16150,2015-09-19 15:18:01
16156,2015-09-19 16:18:01
16162,2015-09-19 17:18:01
16168,2015-09-19 18:18:01
16174,2015-09-19 19:18:01
16180,2015-09-19 20:18:01
16186,2015-09-19 21:18:01
16192,2015-09-19 22:18:01
16198,2015-09-19 23:18:01
16204,2015-09-20 00:18:01
16210,2015-09-20 01:18:01
16216,2015-09-20 02:18:01
16222,2015-09-20 03:18:01
16228,2015-09-20 04:18:01
16234,2015-09-20 05:18:01
16240,2015-09-20 06:18:01
16246,2015-09-20 07:18:01
16252,2015-09-20 08:18:01
16258,2015-09-20 09:18:01
16264,2015-09-20 10:18:01
16270,2015-09-20 11:18:01
16276,2015-09-20 12:18:01
16282,2015-09-20 13:18:01
16288,2015-09-20 14:18:01
16294,2015-09-20 15:18:01
16300,2015-09-20 16:18:01
16306,2015-09-20 17:18:01
16312,2015-09-20 18:18:01
16318,2015-09-20 19:18:01
16324,2015-09-20 20:18:01
16330,2015-09-20 21:18:01
16336,2015-09-20 22:18:01
16342,2015-09-20 23:18:01
16348,2015-09-21 00:18:01
16354,2015-09-21 01:18:01
16360,2015-09-21 02:18:01
16366,2015-09-21 03:18:01
16372,2015-09-21 04:18:01
16378,2015-09-21 05:18:01
16384,2015-09-21 06:18:01
16390,2015-09-21 07:18:01
16396,2015-09-21 08:18:01
16402,2015-09-21 09:18:01
16408,2015-09-21 10:18:01
16414,2015-09-21 11:18:01
16420,2015-09-21 12:18:01
16426,2015-09-21 13:18:01
16432,2015-09-21 14:18:01
16438,2015-09-21 15:18:01
16444,2015-09-21 16:18:01
16450,2015-09-21 17:18:01
16456,2015-09-21 18:18:01
16462,2015-09-21 19:18:01
16468,2015-09-21 20:18:01
16474,2015-09-21 21:18:01
16480,2015-09-21 22:18:01
16486,2015-09-21 23:18:01
16492,2015-09-22 00:18:01
16498,2015-09-22 01:18:01
16504,2015-09-22 02:18:01
16510,2015-09-22 03:18:01
16516,2015-09-22 04:18:01
16522,2015-09-22 05:18:01
16528,2015-09-22 06:18:01
16534,2015-09-22 07:18:01
16540,2015-09-22 08:18:01
16546,2015-09-22 09:18:01
16552,2015-09-22 10:18:01
16558,2015-09-22 11:18:01
16564,2015-09-22 12:18:01
16570,2015-09-22 13:18:01
16576,2015-09-22 14:18:01
16582,2015-09-22 15:18:01
16588,2015-09-22 16:18:01
16594,2015-09-22 17:18:01
16600,2015-09-22 18:18:01
16606,2015-09-22 19:18:01
16612,2015-09-22 20:18:01
16618,2015-09-22 21:18:01
16624,2015-09-22 22:18:01
16630,2015-09-22 23:18:01
16636,2015-09-23 00:18:01
16642,2015-09-23 01:18:01
16648,2015-09-23 02:18:01
16654,2015-09-23 03:18:01
16660,2015-09-23 04:18:01
16666,2015-09-23 05:18:01
16672,2015-09-23 06:18:01
16678,2015-09-23 07:18:01
16684,2015-09-23 08:18:01
16690,2015-09-23 09:18:01
16696,2015-09-23 10:18:01
16702,2015-09-23 11:18:01
16708,2015-09-23 12:18:01
16714,2015-09-23 13:18:01
16720,2015-09-23 14:18:01
16726,2015-09-23 15:18:01
16732,2015-09-23 16:18:01
16738,2015-09-23 17:18:01
16744,2015-09-23 18:18:01
16750,2015-09-23 19:18:01
16756,2015-09-23 20:18:01
16762,2015-09-23 21:18:01
16768,2015-09-23 22:18:01
16774,2015-09-23 23:18:01
16780,2015-09-24 00:18:01
16786,2015-09-24 01:18:01
16792,2015-09-24 02:18:01
16798,2015-09-24 03:18:01
16804,2015-09-24 04:18:01
16810,2015-09-24 05:18:01
16816,2015-09-24 06:18:01
16822,2015-09-24 07:18:01
16828,2015-09-24 08:18:01
16834,2015-09-24 09:18:01
16840,2015-09-24 10:18:01
16846,2015-09-24 11:18:01
16852,2015-09-24 12:18:01
16858,2015-09-24 13:18:01
16864,2015-09-24 14:18:01
16870,2015-09-24 15:18:01
16876,2015-09-24 16:18:01
16882,2015-09-24 17:18:01
16888,2015-09-24 18:18:01
16894,2015-09-24 19:18:01
16900,2015-09-24 20:18:01
16906,2015-09-24 21:18:01
16912,2015-09-24 22:18:01
16918,2015-09-24 23:18:01
16924,2015-09-25 00:18:01
16930,2015-09-25 01:18:01
16936,2015-09-25 02:18:01
16942,2015-09-25 03:18:01
16948,2015-09-25 04:18:01
16954,2015-09-25 05:18:01
16960,2015-09-25 06:18:01
16966,2015-09-25 07:18:01
16972,2015-09-25 08:18:01
16978,2015-09-25 09:18:01
16984,2015-09-25 10:18:01
16990,2015-09-25 11:18:01
16996,2015-09-25 12:18:01
17002,2015-09-25 13:18:01
17008,2015-09-25 14:18:01
17014,2015-09-25 15:18:01
17020,2015-09-25 16:18:01
17026,2015-09-25 17:18:01
17032,2015-09-25 18:18:01
17038,2015-09-25 19:18:01
17044,2015-09-25 20:18:01
17050,2015-09-25 21:18:01
17056,2015-09-25 22:18:01
17062,2015-09-25 23:18:01
17068,2015-09-26 00:18:01
17074,2015-09-26 01:18:01
17080,2015-09-26 02:18:01
17086,2015-09-26 03:18:01
17092,2015-09-26 04:18:01
17098,2015-09-26 05:18:01
17104,2015-09-26 06:18:01
17110,2015-09-26 07:18:01
17116,2015-09-26 08:18:01
17122,2015-09-26 09:18:01
17128,2015-09-26 10:18:01
17134,2015-09-26 11:18:01
17140,2015-09-26 12:18:01
17146,2015-09-26 13:18:01
17152,2015-09-26 14:18:01
17158,2015-09-26 15:18:01
17164,2015-09-26 16:18:01
17170,2015-09-26 17:18:01
17176,2015-09-26 18:18:01
17182,2015-09-26 19:18:01
17188,2015-09-26 20:18:01
17194,2015-09-26 21:18:01
17200,2015-09-26 22:18:01
17206,2015-09-26 23:18:01
17212,2015-09-27 00:18:01
17218,2015-09-27 01:18:01
17224,2015-09-27 02:18:01
17230,2015-09-27 03:18:01
17236,2015-09-27 04:18:01
17242,2015-09-27 05:18:01
17248,2015-09-27 06:18:01
17254,2015-09-27 07:18:01
17260,2015-09-27 08:18:01
17266,2015-09-27 09:18:01
17272,2015-09-27 10:18:01
17278,2015-09-27 11:18:01
17284,2015-09-27 12:18:01
17290,2015-09-27 13:18:01
17296,2015-09-27 14:18:01
17302,2015-09-27 15:18:01
17308,2015-09-27 16:18:01
17314,2015-09-27 17:18:01
17320,2015-09-27 18:18:01
17326,2015-09-27 19:18:01
17332,2015-09-27 20:18:01
17338,2015-09-27 21:18:01
17344,2015-09-27 22:18:01
17350,2015-09-27 23:18:01
17356,2015-09-28 00:18:01
17362,2015-09-28 01:18:01
17368,2015-09-28 02:18:01
17374,2015-09-28 03:18:01
17380,2015-09-28 04:18:01
17386,2015-09-28 05:18:01
17392,2015-09-28 06:18:01
17398,2015-09-28 07:18:01
17404,2015-09-28 08:18:01
17410,2015-09-28 09:18:01
17416,2015-09-28 10:18:01
17422,2015-09-28 11:18:01
17428,2015-09-28 12:18:01
17434,2015-09-28 13:18:01
17440,2015-09-28 14:18:01
17446,2015-09-28 15:18:01
17452,2015-09-28 16:18:01
17458,2015-09-28 17:18:01
17464,2015-09-28 18:18:01
17470,2015-09-28 19:18:01
17476,2015-09-28 20:18:01
17482,2015-09-28 21:18:01
17488,2015-09-28 22:18:01
17494,2015-09-28 23:18:01
17500,2015-09-29 00:18:01
17506,2015-09-29 01:18:01
17512,2015-09-29 02:18:01
17518,2015-09-29 03:18:01
17524,2015-09-29 04:18:01
17530,2015-09-29 05:18:01
17536,2015-09-29 06:18:01
17542,2015-09-29 07:18:01
17548,2015-09-29 08:18:01
17554,2015-09-29 09:18:01
17560,2015-09-29 10:18:01
17566,2015-09-29 11:18:01
17572,2015-09-29 12:18:01
17578,2015-09-29 13:18:01
17584,2015-09-29 14:18:01
17590,2015-09-29 15:18:01
17596,2015-09-29 16:18:01
17602,2015-09-29 17:18:01
17608,2015-09-29 18:18:01
17614,2015-09-29 19:18:01
17620,2015-09-29 20:18:01
17626,2015-09-29 21:18:01
17632,2015-09-29 22:18:01
17638,2015-09-29 23:18:01
17644,2015-09-30 00:18:01
17650,2015-09-30 01:18:01
17656,2015-09-30 02:18:01
17662,2015-09-30 03:18:01
17668,2015-09-30 04:18:01
17674,2015-09-30 05:18:01
17680,2015-09-30 06:18:01
17686,2015-09-30 07:18:01
17692,2015-09-30 08:18:01
17698,2015-09-30 09:18:01
17704,2015-09-30 10:18:01
17710,2015-09-30 11:18:01
17716,2015-09-30 12:18:01
17722,2015-09-30 13:18:01
17728,2015-09-30 14:18:01
17734,2015-09-30 15:18:01
17740,2015-09-30 16:18:01
17746,2015-09-30 17:18:01
17752,2015-09-30 18:18:01
17758,2015-09-30 19:18:01
17764,2015-09-30 20:18:01
17770,2015-09-30 21:18:01
17776,2015-09-30 22:18:01
17782,2015-09-30 23:18:01
17788,2015-10-01 00:18:01
17794,2015-10-01 01:18:01
17800,2015-10-01 02:18:01
17806,2015-10-01 03:18:01
17812,2015-10-01 04:18:01
17818,2015-10-01 05:18:01
17824,2015-10-01 06:18:01
17830,2015-10-01 07:18:01
17836,2015-10-01 08:18:01
17842,2015-10-01 09:18:01
17848,2015-10-01 10:18:01
17854,2015-10-01 11:18:01
17860,2015-10-01 12:18:01
17866,2015-10-01 13:18:01
17872,2015-10-01 14:18:01
17878,2015-10-01 15:18:01
17884,2015-10-01 16:18:01
17890,2015-10-01 17:18:01
17896,2015-10-01 18:18:01
17902,2015-10-01 19:18:01
17908,2015-10-01 20:18:01
17914,2015-10-01 21:18:01
17920,2015-10-01 22:18:01
17926,2015-10-01 23:18:01
17932,2015-10-02 00:18:01
17938,2015-10-02 01:18:01
17944,2015-10-02 02:18:01
17950,2015-10-02 03:18:01
17956,2015-10-02 04:18:01
17962,2015-10-02 05:18:01
17968,2015-10-02 06:18:01
17974,2015-10-02 07:18:01
17980,2015-10-02 08:18:01
17986,2015-10-02 09:18:01
17992,2015-10-02 10:18:01
17998,2015-10-02 11:18:01
18004,2015-10-02 12:18:01
18010,2015-10-02 13:18:01
18016,2015-10-02 14:18:01
18022,2015-10-02 15:18:01
18028,2015-10-02 16:18:01
18034,2015-10-02 17:18:01
18040,2015-10-02 18:18:01
18046,2015-10-02 19:18:01
18052,2015-10-02 20:18:01
18058,2015-10-02 21:18:01
18064,2015-10-02 22:18:01
18070,2015-10-02 23:18:01
18076,2015-10-03 00:18:01
18082,2015-10-03 01:18:01
18088,2015-10-03 02:18:01
18094,2015-10-03 03:18:01
18100,2015-10-03 04:18:01
18106,2015-10-03 05:18:01
18112,2015-10-03 06:18:01
18118,2015-10-03 07:18:01
18124,2015-10-03 08:18:01
18130,2015-10-03 09:18:01
18136,2015-10-03 10:18:01
18142,2015-10-03 11:18:01
18148,2015-10-03 12:18:01
18154,2015-10-03 13:18:01
18160,2015-10-03 14:18:01
18166,2015-10-03 15:18:01
18172,2015-10-03 16:18:01
18178,2015-10-03 17:18:01
18184,2015-10-03 18:18:01
18190,2015-10-03 19:18:01
18196,2015-10-03 20:18:01
18202,2015-10-03 21:18:01
18208,2015-10-03 22:18:01
18214,2015-10-03 23:18:01
18220,2015-10-04 00:18:01
18226,2015-10-04 01:18:01
18232,2015-10-04 02:18:01
18238,2015-10-04 03:18:01
18244,2015-10-04 04:18:01
18250,2015-10-04 05:18:01
18256,2015-10-04 06:18:01
18262,2015-10-04 07:18:01
18268,2015-10-04 08:18:01
18274,2015-10-04 09:18:01
18280,2015-10-04 10:18:01
18286,2015-10-04 11:18:01
18292,2015-10-04 12:18:01
18298,2015-10-04 13:18:01
18304,2015-10-04 14:18:01
18310,2015-10-04 15:18:01
18316,2015-10-04 16:18:01
18322,2015-10-04 17:18:01
18328,2015-10-04 18:18:01
18334,2015-10-04 19:18:01
18340,2015-10-04 20:18:01
18346,2015-10-04 21:18:01
18352,2015-10-04 22:18:01
18358,2015-10-04 23:18:01
18364,2015-10-05 00:18:01
18370,2015-10-05 01:18:01
18376,2015-10-05 02:18:01
18382,2015-10-05 03:18:01
18388,2015-10-05 04:18:01
18394,2015-10-05 05:18:01
18400,2015-10-05 06:18:01
18406,2015-10-05 07:18:01
18412,2015-10-05 08:18:01
18418,2015-10-05 09:18:01
18424,2015-10-05 10:18:01
18430,2015-10-05 11:18:01
18436,2015-10-05 12:18:01
18442,2015-10-05 13:18:01
18448,2015-10-05 14:18:01
18454,2015-10-05 15:18:01
18460,2015-10-05 16:18:01
18466,2015-10-05 17:18:01
18472,2015-10-05 18:18:01
18478,2015-10-05 19:18:01
18484,2015-10-05 20:18:01
18490,2015-10-05 21:18:01
18496,2015-10-05 22:18:01
18502,2015-10-05 23:18:01
18508,2015-10-06 00:18:01
18514,2015-10-06 01:18:01
18520,2015-10-06 02:18:01
18526,2015-10-06 03:18:01
18532,2015-10-06 04:18:01
18538,2015-10-06 05:18:01
18544,2015-10-06 06:18:01
18550,2015-10-06 07:18:01
18556,2015-10-06 08:18:01
18562,2015-10-06 09:18:01
18568,2015-10-06 10:18:01
18574,2015-10-06 11:18:01
18580,2015-10-06 12:18:01
18586,2015-10-06 13:18:01
18592,2015-10-06 14:18:01
18598,2015-10-06 15:18:01
18604,2015-10-06 16:18:01
18610,2015-10-06 17:18:01
18616,2015-10-06 18:18:01
18622,2015-10-06 19:18:01
18628,2015-10-06 20:18:01
18634,2015-10-06 21:18:01
18640,2015-10-06 22:18:01
18646,2015-10-06 23:18:01
18652,2015-10-07 00:18:01
18658,2015-10-07 01:18:01
18664,2015-10-07 02:18:01
18670,2015-10-07 03:18:01
18676,2015-10-07 04:18:01
18682,2015-10-07 05:18:01
18688,2015-10-07 06:18:01
18694,2015-10-07 07:18:01
18700,2015-10-07 08:18:01
18706,2015-10-07 09:18:01
18712,2015-10-07 10:18:01
18718,2015-10-07 11:18:01
18724,2015-10-07 12:18:01
18730,2015-10-07 13:18:01
18736,2015-10-07 14:18:01
18742,2015-10-07 15:18:01
18748,2015-10-07 16:18:01
18754,2015-10-07 17:18:01
18760,2015-10-07 18:18:01
18766,2015-10-07 19:18:01
18772,2015-10-07 20:18:01
18778,2015-10-07 21:18:01
18784,2015-10-07 22:18:01
18790,2015-10-07 23:18:01
18796,2015-10-08 00:18:01
18802,2015-10-08 01:18:01
18808,2015-10-08 02:18:01
18814,2015-10-08 03:18:01
18820,2015-10-08 04:18:01
18826,2015-10-08 05:18:01
18832,2015-10-08 06:18:01
18838,2015-10-08 07:18:01
18844,2015-10-08 08:18:01
18850,2015-10-08 09:18:01
18856,2015-10-08 10:18:01
18862,2015-10-08 11:18:01
18868,2015-10-08 12:18:01
18874,2015-10-08 13:18:01
18880,2015-10-08 14:18:01
18886,2015-10-08 15:18:01
18892,2015-10-08 16:18:01
18898,2015-10-08 17:18:01
18904,2015-10-08 18:18:01
18910,2015-10-08 19:18:01
18916,2015-10-08 20:18:01
18922,2015-10-08 21:18:01
18928,2015-10-08 22:18:01
18934,2015-10-08 23:18:01
18940,2015-10-09 00:18:01
18946,2015-10-09 01:18:01
18952,2015-10-09 02:18:01
18958,2015-10-09 03:18:01
18964,2015-10-09 04:18:01
18970,2015-10-09 05:18:01
18976,2015-10-09 06:18:01
18982,2015-10-09 07:18:01
18988,2015-10-09 08:18:01
18994,2015-10-09 09:18:01
19000,2015-10-09 10:18:01
19006,2015-10-09 11:18:01
19012,2015-10-09 12:18:01
19018,2015-10-09 13:18:01
19024,2015-10-09 14:18:01
19030,2015-10-09 15:18:01
19036,2015-10-09 16:18:01
19042,2015-10-09 17:18:01
19048,2015-10-09 18:18:01
19054,2015-10-09 19:18:01
19060,2015-10-09 20:18:01
19066,2015-10-09 21:18:01
19072,2015-10-09 22:18:01
19078,2015-10-09 23:18:01
19084,2015-10-10 00:18:01
19090,2015-10-10 01:18:01
19096,2015-10-10 02:18:01
19102,2015-10-10 03:18:01
19108,2015-10-10 04:18:01
19114,2015-10-10 05:18:01
19120,2015-10-10 06:18:01
19126,2015-10-10 07:18:01
19132,2015-10-10 08:18:01
19138,2015-10-10 09:18:01
19144,2015-10-10 10:18:01
19150,2015-10-10 11:18:01
19156,2015-10-10 12:18:01
19162,2015-10-10 13:18:01
19168,2015-10-10 14:18:01
19174,2015-10-10 15:18:01
19180,2015-10-10 16:18:01
19186,2015-10-10 17:18:01
19192,2015-10-10 18:18:01
19198,2015-10-10 19:18:01
19204,2015-10-10 20:18:01
19210,2015-10-10 21:18:01
19216,2015-10-10 22:18:01
19222,2015-10-10 23:18:01
19228,2015-10-11 00:18:01
19234,2015-10-11 01:18:01
19240,2015-10-11 02:18:01
19246,2015-10-11 03:18:01
19252,2015-10-11 04:18:01
19258,2015-10-11 05:18:01
19264,2015-10-11 06:18:01
19270,2015-10-11 07:18:01
19276,2015-10-11 08:18:01
19282,2015-10-11 09:18:01
19288,2015-10-11 10:18:01
19294,2015-10-11 11:18:01
19300,2015-10-11 12:18:01
19306,2015-10-11 13:18:01
19312,2015-10-11 14:18:01
19318,2015-10-11 15:18:01
19324,2015-10-11 16:18:01
19330,2015-10-11 17:18:01
19336,2015-10-11 18:18:01
19342,2015-10-11 19:18:01
19348,2015-10-11 20:18:01
19354,2015-10-11 21:18:01
19360,2015-10-11 22:18:01
19366,2015-10-11 23:18:01
19372,2015-10-12 00:18:01
19378,2015-10-12 01:18:01
19384,2015-10-12 02:18:01
19390,2015-10-12 03:18:01
19396,2015-10-12 04:18:01
19402,2015-10-12 05:18:01
19408,2015-10-12 06:18:01
19414,2015-10-12 07:18:01
19420,2015-10-12 08:18:01
19426,2015-10-12 09:18:01
19432,2015-10-12 10:18:01
19438,2015-10-12 11:18:01
19444,2015-10-12 12:18:01
19450,2015-10-12 13:18:01
19456,2015-10-12 14:18:01
19462,2015-10-12 15:18:01
19468,2015-10-12 16:18:01
19474,2015-10-12 17:18:01
19480,2015-10-12 18:18:01
19486,2015-10-12 19:18:01
19492,2015-10-12 20:18:01
19498,2015-10-12 21:18:01
19504,2015-10-12 22:18:01
19510,2015-10-12 23:18:01
19516,2015-10-13 00:18:01
19522,2015-10-13 01:18:01
19528,2015-10-13 02:18:01
19534,2015-10-13 03:18:01
19540,2015-10-13 04:18:01
19546,2015-10-13 05:18:01
19552,2015-10-13 06:18:01
19558,2015-10-13 07:18:01
19564,2015-10-13 08:18:01
19570,2015-10-13 09:18:01
19576,2015-10-13 10:18:01
19582,2015-10-13 11:18:01
19588,2015-10-13 12:18:01
19594,2015-10-13 13:18:01
19600,2015-10-13 14:18:01
19606,2015-10-13 15:18:01
19612,2015-10-13 16:18:01
19618,2015-10-13 17:18:01
19624,2015-10-13 18:18:01
19630,2015-10-13 19:18:01
19636,2015-10-13 20:18:01
19642,2015-10-13 21:18:01
19648,2015-10-13 22:18:01
19654,2015-10-13 23:18:01
19660,2015-10-14 00:18:01
19666,2015-10-14 01:18:01
19672,2015-10-14 02:18:01
19678,2015-10-14 03:18:01
19684,2015-10-14 04:18:01
19690,2015-10-14 05:18:01
19696,2015-10-14 06:18:01
19702,2015-10-14 07:18:01
19708,2015-10-14 08:18:01
19714,2015-10-14 09:18:01
19720,2015-10-14 10:18:01
19726,2015-10-14 11:18:01
19732,2015-10-14 12:18:01
19738,2015-10-14 13:18:01
19744,2015-10-14 14:18:01
19750,2015-10-14 15:18:01
19756,2015-10-14 16:18:01
19762,2015-10-14 17:18:01
19768,2015-10-14 18:18:01
19774,2015-10-14 19:18:01
19780,2015-10-14 20:18:01
19786,2015-10-14 21:18:01
19792,2015-10-14 22:18:01
19798,2015-10-14 23:18:01
19804,2015-10-15 00:18:01
19810,2015-10-15 01:18:01
19816,2015-10-15 02:18:01
19822,2015-10-15 03:18:01
19828,2015-10-15 04:18:01
19834,2015-10-15 05:18:01
19840,2015-10-15 06:18:01
19846,2015-10-15 07:18:01
19852,2015-10-15 08:18:01
19858,2015-10-15 09:18:01
19864,2015-10-15 10:18:01
19870,2015-10-15 11:18:01
19876,2015-10-15 12:18:01
19882,2015-10-15 13:18:01
19888,2015-10-15 14:18:01
19894,2015-10-15 15:18:01
19900,2015-10-15 16:18:01
19906,2015-10-15 17:18:01
19912,2015-10-15 18:18:01
19918,2015-10-15 19:18:01
19924,2015-10-15 20:18:01
19930,2015-10-15 21:18:01
19936,2015-10-15 22:18:01
19942,2015-10-15 23:18:01
19948,2015-10-16 00:18:01
19954,2015-10-16 01:18:01
19960,2015-10-16 02:18:01
19966,2015-10-16 03:18:01
19972,2015-10-16 04:18:01
19978,2015-10-16 05:18:01
19984,2015-10-16 06:18:01
19990,2015-10-16 07:18:01
19996,2015-10-16 08:18:01
20002,2015-10-16 09:18:01
20008,2015-10-16 10:18:01
20014,2015-10-16 11:18:01
20020,2015-10-16 12:18:01
20026,2015-10-16 13:18:01
20032,2015-10-16 14:18:01
20038,2015-10-16 15:18:01
20044,2015-10-16 16:18:01
20050,2015-10-16 17:18:01
20056,2015-10-16 18:18:01
20062,2015-10-16 19:18:01
20068,2015-10-16 20:18:01
20074,2015-10-16 21:18:01
20080,2015-10-16 22:18:01
20086,2015-10-16 23:18:01
20092,2015-10-17 00:18:01
20098,2015-10-17 01:18:01
20104,2015-10-17 02:18:01
20110,2015-10-17 03:18:01
20116,2015-10-17 04:18:01
20122,2015-10-17 05:18:01
20128,2015-10-17 06:18:01
20134,2015-10-17 07:18:01
20140,2015-10-17 08:18:01
20146,2015-10-17 09:18:01
20152,2015-10-17 10:18:01
20158,2015-10-17 11:18:01
20164,2015-10-17 12:18:01
20170,2015-10-17 13:18:01
20176,2015-10-17 14:18:01
20182,2015-10-17 15:18:01
20188,2015-10-17 16:18:01
20194,2015-10-17 17:18:01
20200,2015-10-17 18:18:01
20206,2015-10-17 19:18:01
20212,2015-10-17 20:18:01
20218,2015-10-17 21:18:01
20224,2015-10-17 22:18:01
20230,2015-10-17 23:18:01
20236,2015-10-18 00:18:01
20242,2015-10-18 01:18:01
20248,2015-10-18 02:18:01
20254,2015-10-18 03:18:01
20260,2015-10-18 04:18:01
20266,2015-10-18 05:18:01
20272,2015-10-18 06:18:01
20278,2015-10-18 07:18:01
20284,2015-10-18 08:18:01
20290,2015-10-18 09:18:01
20296,2015-10-18 10:18:01
20302,2015-10-18 11:18:01
20308,2015-10-18 12:18:01
20314,2015-10-18 13:18:01
20320,2015-10-18 14:18:01
20326,2015-10-18 15:18:01
20332,2015-10-18 16:18:01
20338,2015-10-18 17:18:01
20344,2015-10-18 18:18:01
20350,2015-10-18 19:18:01
20356,2015-10-18 20:18:01
20362,2015-10-18 21:18:01
20368,2015-10-18 22:18:01
20374,2015-10-18 23:18:01
20380,2015-10-19 00:18:01
20386,2015-10-19 01:18:01
20392,2015-10-19 02:18:01
20398,2015-10-19 03:18:01
20404,2015-10-19 04:18:01
20410,2015-10-19 05:18:01
20416,2015-10-19 06:18:01
20422,2015-10-19 07:18:01
20428,2015-10-19 08:18:01
20434,2015-10-19 09:18:01
20440,2015-10-19 10:18:01
20446,2015-10-19 11:18:01
20452,2015-10-19 12:18:01
20458,2015-10-19 13:18:01
20464,2015-10-19 14:18:01
20470,2015-10-19 15:18:01
20476,2015-10-19 16:18:01
20482,2015-10-19 17:18:01
20488,2015-10-19 18:18:01
20494,2015-10-19 19:18:01
20500,2015-10-19 20:18:01
20506,2015-10-19 21:18:01
20512,2015-10-19 22:18:01
20518,2015-10-19 23:18:01
20524,2015-10-20 00:18:01
20530,2015-10-20 01:18:01
20536,2015-10-20 02:18:01
20542,2015-10-20 03:18:01
20548,2015-10-20 04:18:01
20554,2015-10-20 05:18:01
20560,2015-10-20 06:18:01
20566,2015-10-20 07:18:01
20572,2015-10-20 08:18:01
20578,2015-10-20 09:18:01
20584,2015-10-20 10:18:01
20590,2015-10-20 11:18:01
20596,2015-10-20 12:18:01
20602,2015-10-20 13:18:01
20608,2015-10-20 14:18:01
20614,2015-10-20 15:18:01
20620,2015-10-20 16:18:01
20626,2015-10-20 17:18:01
20632,2015-10-20 18:18:01
20638,2015-10-20 19:18:01
20644,2015-10-20 20:18:01
20650,2015-10-20 21:18:01
20656,2015-10-20 22:18:01
20662,2015-10-20 23:18:01
20668,2015-10-21 00:18:01
20674,2015-10-21 01:18:01
20680,2015-10-21 02:18:01
20686,2015-10-21 03:18:01
20692,2015-10-21 04:18:01
20698,2015-10-21 05:18:01
20704,2015-10-21 06:18:01
20710,2015-10-21 07:18:01
20716,2015-10-21 08:18:01
20722,2015-10-21 09:18:01
20728,2015-10-21 10:18:01
20734,2015-10-21 11:18:01
20740,2015-10-21 12:18:01
20746,2015-10-21 13:18:01
20752,2015-10-21 14:18:01
20758,2015-10-21 15:18:01
20764,2015-10-21 16:18:01
20770,2015-10-21 17:18:01
20776,2015-10-21 18:18:01
20782,2015-10-21 19:18:01
20788,2015-10-21 20:18:01
20794,2015-10-21 21:18:01
20800,2015-10-21 22:18:01
20806,2015-10-21 23:18:01
20812,2015-10-22 00:18:01
20818,2015-10-22 01:18:01
20824,2015-10-22 02:18:01
20830,2015-10-22 03:18:01
20836,2015-10-22 04:18:01
20842,2015-10-22 05:18:01
20848,2015-10-22 06:18:01
20854,2015-10-22 07:18:01
20860,2015-10-22 08:18:01
20866,2015-10-22 09:18:01
20872,2015-10-22 10:18:01
20878,2015-10-22 11:18:01
20884,2015-10-22 12:18:01
20890,2015-10-22 13:18:01
20896,2015-10-22 14:18:01
20902,2015-10-22 15:18:01
20908,2015-10-22 16:18:01
20914,2015-10-22 17:18:01
20920,2015-10-22 18:18:01
20926,2015-10-22 19:18:01
20932,2015-10-22 20:18:01
20938,2015-10-22 21:18:01
20944,2015-10-22 22:18:01
20950,2015-10-22 23:18:01
20956,2015-10-23 00:18:01
20962,2015-10-23 01:18:01
20968,2015-10-23 02:18:01
20974,2015-10-23 03:18:01
20980,2015-10-23 04:18:01
20986,2015-10-23 05:18:01
20992,2015-10-23 06:18:01
20998,2015-10-23 07:18:01
21004,2015-10-23 08:18:01
21010,2015-10-23 09:18:01
21016,2015-10-23 10:18:01
21022,2015-10-23 11:18:01
21028,2015-10-23 12:18:01
21034,2015-10-23 13:18:01
21040,2015-10-23 14:18:01
21046,2015-10-23 15:18:01
21052,2015-10-23 16:18:01
21058,2015-10-23 17:18:01
21064,2015-10-23 18:18:01
21070,2015-10-23 19:18:01
21076,2015-10-23 20:18:01
21082,2015-10-23 21:18:01
21088,2015-10-23 22:18:01
21094,2015-10-23 23:18:01
21100,2015-10-24 00:18:01
21106,2015-10-24 01:18:01
21112,2015-10-24 02:18:01
21118,2015-10-24 03:18:01
21124,2015-10-24 04:18:01
21130,2015-10-24 05:18:01
21136,2015-10-24 06:18:01
21142,2015-10-24 07:18:01
21148,2015-10-24 08:18:01
21154,2015-10-24 09:18:01
21160,2015-10-24 10:18:01
21166,2015-10-24 11:18:01
21172,2015-10-24 12:18:01
21178,2015-10-24 13:18:01
21184,2015-10-24 14:18:01
21190,2015-10-24 15:18:01
21196,2015-10-24 16:18:01
21202,2015-10-24 17:18:01
21208,2015-10-24 18:18:01
21214,2015-10-24 19:18:01
21220,2015-10-24 20:18:01
21226,2015-10-24 21:18:01
21232,2015-10-24 22:18:01
21238,2015-10-24 23:18:01
21244,2015-10-25 00:18:01
21250,2015-10-25 01:18:01
21256,2015-10-25 02:18:01
21262,2015-10-25 03:18:01
21268,2015-10-25 04:18:01
21274,2015-10-25 05:18:01
21280,2015-10-25 06:18:01
21286,2015-10-25 07:18:01
21292,2015-10-25 08:18:01
21298,2015-10-25 09:18:01
21304,2015-10-25 10:18:01
21310,2015-10-25 11:18:01
21316,2015-10-25 12:18:01
21322,2015-10-25 13:18:01
21328,2015-10-25 14:18:01
21334,2015-10-25 15:18:01
21340,2015-10-25 16:18:01
21346,2015-10-25 17:18:01
21352,2015-10-25 18:18:01
21358,2015-10-25 19:18:01
21364,2015-10-25 20:18:01
21370,2015-10-25 21:18:01
21376,2015-10-25 22:18:01
21382,2015-10-25 23:18:01
21388,2015-10-26 00:18:01
21394,2015-10-26 01:18:01
21400,2015-10-26 02:18:01
21406,2015-10-26 03:18:01
21412,2015-10-26 04:18:01
21418,2015-10-26 05:18:01
21424,2015-10-26 06:18:01
21430,2015-10-26 07:18:01
21436,2015-10-26 08:18:01
21442,2015-10-26 09:18:01
21448,2015-10-26 10:18:01
21454,2015-10-26 11:18:01
21460,2015-10-26 12:18:01
21466,2015-10-26 13:18:01
21472,2015-10-26 14:18:01
21478,2015-10-26 15:18:01
21484,2015-10-26 16:18:01
21490,2015-10-26 17:18:01
21496,2015-10-26 18:18:01
21502,2015-10-26 19:18:01
21508,2015-10-26 20:18:01
21514,2015-10-26 21:18:01
21520,2015-10-26 22:18:01
21526,2015-10-26 23:18:01
21532,2015-10-27 00:18:01
21538,2015-10-27 01:18:01
21544,2015-10-27 02:18:01
21550,2015-10-27 03:18:01
21556,2015-10-27 04:18:01
21562,2015-10-27 05:18:01
21568,2015-10-27 06:18:01
21574,2015-10-27 07:18:01
21580,2015-10-27 08:18:01
21586,2015-10-27 09:18:01
21592,2015-10-27 10:18:01
21598,2015-10-27 11:18:01
21604,2015-10-27 12:18:01
21610,2015-10-27 13:18:01
21616,2015-10-27 14:18:01
21622,2015-10-27 15:18:01
21628,2015-10-27 16:18:01
21634,2015-10-27 17:18:01
21640,2015-10-27 18:18:01
21646,2015-10-27 19:18:01
21652,2015-10-27 20:18:01
21658,2015-10-27 21:18:01
21664,2015-10-27 22:18:01
21670,2015-10-27 23:18:01
21676,2015-10-28 00:18:01
21682,2015-10-28 01:18:01
21688,2015-10-28 02:18:01
21694,2015-10-28 03:18:01
21700,2015-10-28 04:18:01
21706,2015-10-28 05:18:01
21712,2015-10-28 06:18:01
21718,2015-10-28 07:18:01
21724,2015-10-28 08:18:01
21730,2015-10-28 09:18:01
21736,2015-10-28 10:18:01
21742,2015-10-28 11:18:01
21748,2015-10-28 12:18:01
21754,2015-10-28 13:18:01
21760,2015-10-28 14:18:01
21766,2015-10-28 15:18:01
21772,2015-10-28 16:18:01
21778,2015-10-28 17:18:01
21784,2015-10-28 18:18:01
21790,2015-10-28 19:18:01
21796,2015-10-28 20:18:01
21802,2015-10-28 21:18:01
21808,2015-10-28 22:18:01
21814,2015-10-28 23:18:01
21820,2015-10-29 00:18:01
21826,2015-10-29 01:18:01
21832,2015-10-29 02:18:01
21838,2015-10-29 03:18:01
21844,2015-10-29 04:18:01
21850,2015-10-29 05:18:01
21856,2015-10-29 06:18:01
21862,2015-10-29 07:18:01
21868,2015-10-29 08:18:01
21874,2015-10-29 09:18:01
21880,2015-10-29 10:18:01
21886,2015-10-29 11:18:01
21892,2015-10-29 12:18:01
21898,2015-10-29 13:18:01
21904,2015-10-29 14:18:01
21910,2015-10-29 15:18:01
21916,2015-10-29 16:18:01
21922,2015-10-29 17:18:01
21928,2015-10-29 18:18:01
21934,2015-10-29 19:18:01
21940,2015-10-29 20:18:01
21946,2015-10-29 21:18:01
21952,2015-10-29 22:18:01
21958,2015-10-29 23:18:01
21964,2015-10-30 00:18:01
21970,2015-10-30 01:18:01
21976,2015-10-30 02:18:01
21982,2015-10-30 03:18:01
21988,2015-10-30 04:18:01
21994,2015-10-30 05:18:01
22000,2015-10-30 06:18:01
22006,2015-10-30 07:18:01
22012,2015-10-30 08:18:01
22018,2015-10-30 09:18:01
22024,2015-10-30 10:18:01
22030,2015-10-30 11:18:01
22036,2015-10-30 12:18:01
22042,2015-10-30 13:18:01
22048,2015-10-30 14:18:01
22054,2015-10-30 15:18:01
22060,2015-10-30 16:18:01
22066,2015-10-30 17:18:01
22072,2015-10-30 18:18:01
22078,2015-10-30 19:18:01
22084,2015-10-30 20:18:01
22090,2015-10-30 21:18:01
22096,2015-10-30 22:18:01
22102,2015-10-30 23:18:01
22108,2015-10-31 00:18:01
22114,2015-10-31 01:18:01
22120,2015-10-31 02:18:01
22126,2015-10-31 03:18:01
22132,2015-10-31 04:18:01
22138,2015-10-31 05:18:01
22144,2015-10-31 06:18:01
22150,2015-10-31 07:18:01
22156,2015-10-31 08:18:01
22162,2015-10-31 09:18:01
22168,2015-10-31 10:18:01
22174,2015-10-31 11:18:01
22180,2015-10-31 12:18:01
22186,2015-10-31 13:18:01
22192,2015-10-31 14:18:01
22198,2015-10-31 15:18:01
22204,2015-10-31 16:18:01
22210,2015-10-31 17:18:01
22216,2015-10-31 18:18:01
22222,2015-10-31 19:18:01
22228,2015-10-31 20:18:01
22234,2015-10-31 21:18:01
22240,2015-10-31 22:18:01
22246,2015-10-31 23:18:01
22252,2015-11-01 00:18:01
22258,2015-11-01 01:18:01
22264,2015-11-01 02:18:01
22270,2015-11-01 03:18:01
22276,2015-11-01 04:18:01
22282,2015-11-01 05:18:01
22288,2015-11-01 06:18:01
22294,2015-11-01 07:18:01
22300,2015-11-01 08:18:01
22306,2015-11-01 09:18:01
22312,2015-11-01 10:18:01
22318,2015-11-01 11:18:01
22324,2015-11-01 12:18:01
22330,2015-11-01 13:18:01
22336,2015-11-01 14:18:01
22342,2015-11-01 15:18:01
22348,2015-11-01 16:18:01
22354,2015-11-01 17:18:01
22360,2015-11-01 18:18:01
22366,2015-11-01 19:18:01
22372,2015-11-01 20:18:01
22378,2015-11-01 21:18:01
22384,2015-11-01 22:18:01
22390,2015-11-01 23:18:01
22396,2015-11-02 00:18:01
22402,2015-11-02 01:18:01
22408,2015-11-02 02:18:01
22414,2015-11-02 03:18:01
22420,2015-11-02 04:18:01
22426,2015-11-02 05:18:01
22432,2015-11-02 06:18:01
22438,2015-11-02 07:18:01
22444,2015-11-02 08:18:01
22450,2015-11-02 09:18:01
22456,2015-11-02 10:18:01
22462,2015-11-02 11:18:01
22468,2015-11-02 12:18:01
22474,2015-11-02 13:18:01
22480,2015-11-02 14:18:01
22486,2015-11-02 15:18:01
22492,2015-11-02 16:18:01
22498,2015-11-02 17:18:01
22504,2015-11-02 18:18:01
22510,2015-11-02 19:18:01
22516,2015-11-02 20:18:01
22522,2015-11-02 21:18:01
22528,2015-11-02 22:18:01
22534,2015-11-02 23:18:01
22540,2015-11-03 00:18:01
22546,2015-11-03 01:18:01
22552,2015-11-03 02:18:01
22558,2015-11-03 03:18:01
22564,2015-11-03 04:18:01
22570,2015-11-03 05:18:01
22576,2015-11-03 06:18:01
22582,2015-11-03 07:18:01
22588,2015-11-03 08:18:01
22594,2015-11-03 09:18:01
22600,2015-11-03 10:18:01
22606,2015-11-03 11:18:01
22612,2015-11-03 12:18:01
22618,2015-11-03 13:18:01
22624,2015-11-03 14:18:01
22630,2015-11-03 15:18:01
22636,2015-11-03 16:18:01
22642,2015-11-03 17:18:01
22648,2015-11-03 18:18:01
22654,2015-11-03 19:18:01
22660,2015-11-03 20:18:01
22666,2015-11-03 21:18:01
22672,2015-11-03 22:18:01
22678,2015-11-03 23:18:01
22684,2015-11-04 00:18:01
22690,2015-11-04 01:18:01
22696,2015-11-04 02:18:01
22702,2015-11-04 03:18:01
22708,2015-11-04 04:18:01
22714,2015-11-04 05:18:01
22720,2015-11-04 06:18:01
22726,2015-11-04 07:18:01
22732,2015-11-04 08:18:01
22738,2015-11-04 09:18:01
22744,2015-11-04 10:18:01
22750,2015-11-04 11:18:01
22756,2015-11-04 12:18:01
22762,2015-11-04 13:18:01
22768,2015-11-04 14:18:01
22774,2015-11-04 15:18:01
22780,2015-11-04 16:18:01
22786,2015-11-04 17:18:01
22792,2015-11-04 18:18:01
22798,2015-11-04 19:18:01
22804,2015-11-04 20:18:01
22810,2015-11-04 21:18:01
22816,2015-11-04 22:18:01
22822,2015-11-04 23:18:01
22828,2015-11-05 00:18:01
22834,2015-11-05 01:18:01
22840,2015-11-05 02:18:01
22846,2015-11-05 03:18:01
22852,2015-11-05 04:18:01
22858,2015-11-05 05:18:01
22864,2015-11-05 06:18:01
22870,2015-11-05 07:18:01
22876,2015-11-05 08:18:01
22882,2015-11-05 09:18:01
22888,2015-11-05 10:18:01
22894,2015-11-05 11:18:01
22900,2015-11-05 12:18:01
22906,2015-11-05 13:18:01
22912,2015-11-05 14:18:01
22918,2015-11-05 15:18:01
22924,2015-11-05 16:18:01
22930,2015-11-05 17:18:01
22936,2015-11-05 18:18:01
22942,2015-11-05 19:18:01
22948,2015-11-05 20:18:01
22954,2015-11-05 21:18:01
22960,2015-11-05 22:18:01
22966,2015-11-05 23:18:01
22972,2015-11-06 00:18:01
22978,2015-11-06 01:18:01
22984,2015-11-06 02:18:01
22990,2015-11-06 03:18:01
22996,2015-11-06 04:18:01
23002,2015-11-06 05:18:01
23008,2015-11-06 06:18:01
23014,2015-11-06 07:18:01
23020,2015-11-06 08:18:01
23026,2015-11-06 09:18:01
23032,2015-11-06 10:18:01
23038,2015-11-06 11:18:01
23044,2015-11-06 12:18:01
23050,2015-11-06 13:18:01
23056,2015-11-06 14:18:01
23062,2015-11-06 15:18:01
23068,2015-11-06 16:18:01
23074,2015-11-06 17:18:01
23080,2015-11-06 18:18:01
23086,2015-11-06 19:18:01
23092,2015-11-06 20:18:01
23098,2015-11-06 21:18:01
23104,2015-11-06 22:18:01
23110,2015-11-06 23:18:01
23116,2015-11-07 00:18:01
23122,2015-11-07 01:18:01
23128,2015-11-07 02:18:01
23134,2015-11-07 03:18:01
23140,2015-11-07 04:18:01
23146,2015-11-07 05:18:01
23152,2015-11-07 06:18:01
23158,2015-11-07 07:18:01
23164,2015-11-07 08:18:01
23170,2015-11-07 09:18:01
23176,2015-11-07 10:18:01
23182,2015-11-07 11:18:01
23188,2015-11-07 12:18:01
23194,2015-11-07 13:18:01
23200,2015-11-07 14:18:01
23206,2015-11-07 15:18:01
23212,2015-11-07 16:18:01
23218,2015-11-07 17:18:01
23224,2015-11-07 18:18:01
23230,2015-11-07 19:18:01
23236,2015-11-07 20:18:01
23242,2015-11-07 21:18:01
23248,2015-11-07 22:18:01
23254,2015-11-07 23:18:01
23260,2015-11-08 00:18:01
23266,2015-11-08 01:18:01
23272,2015-11-08 02:18:01
23278,2015-11-08 03:18:01
23284,2015-11-08 04:18:01
23290,2015-11-08 05:18:01
23296,2015-11-08 06:18:01
23302,2015-11-08 07:18:01
23308,2015-11-08 08:18:01
23314,2015-11-08 09:18:01
23320,2015-11-08 10:18:01
23326,2015-11-08 11:18:01
23332,2015-11-08 12:18:01
23338,2015-11-08 13:18:01
23344,2015-11-08 14:18:01
23350,2015-11-08 15:18:01
23356,2015-11-08 16:18:01
23362,2015-11-08 17:18:01
23368,2015-11-08 18:18:01
23374,2015-11-08 19:18:01
23380,2015-11-08 20:18:01
23386,2015-11-08 21:18:01
23392,2015-11-08 22:18:01
23398,2015-11-08 23:18:01
23404,2015-11-09 00:18:01
23410,2015-11-09 01:18:01
23416,2015-11-09 02:18:01
23422,2015-11-09 03:18:01
23428,2015-11-09 04:18:01
23434,2015-11-09 05:18:01
23440,2015-11-09 06:18:01
23446,2015-11-09 07:18:01
23452,2015-11-09 08:18:01
23458,2015-11-09 09:18:01
23464,2015-11-09 10:18:01
23470,2015-11-09 11:18:01
23476,2015-11-09 12:18:01
23482,2015-11-09 13:18:01
23488,2015-11-09 14:18:01
23494,2015-11-09 15:18:01
23500,2015-11-09 16:18:01
23506,2015-11-09 17:18:01
23512,2015-11-09 18:18:01
23518,2015-11-09 19:18:01
23524,2015-11-09 20:18:01
23530,2015-11-09 21:18:01
23536,2015-11-09 22:18:01
23542,2015-11-09 23:18:01
23548,2015-11-10 00:18:01
23554,2015-11-10 01:18:01
23560,2015-11-10 02:18:01
23566,2015-11-10 03:18:01
23572,2015-11-10 04:18:01
23578,2015-11-10 05:18:01
23584,2015-11-10 06:18:01
23590,2015-11-10 07:18:01
23596,2015-11-10 08:18:01
23602,2015-11-10 09:18:01
23608,2015-11-10 10:18:01
23614,2015-11-10 11:18:01
23620,2015-11-10 12:18:01
23626,2015-11-10 13:18:01
23632,2015-11-10 14:18:01
23638,2015-11-10 15:18:01
23644,2015-11-10 16:18:01
23650,2015-11-10 17:18:01
23656,2015-11-10 18:18:01
23662,2015-11-10 19:18:01
23668,2015-11-10 20:18:01
23674,2015-11-10 21:18:01
23680,2015-11-10 22:18:01
23686,2015-11-10 23:18:01
23692,2015-11-11 00:18:01
23698,2015-11-11 01:18:01
23704,2015-11-11 02:18:01
23710,2015-11-11 03:18:01
23716,2015-11-11 04:18:01
23722,2015-11-11 05:18:01
23728,2015-11-11 06:18:01
23734,2015-11-11 07:18:01
23740,2015-11-11 08:18:01
23746,2015-11-11 09:18:01
23752,2015-11-11 10:18:01
23758,2015-11-11 11:18:01
23764,2015-11-11 12:18:01
23770,2015-11-11 13:18:01
23776,2015-11-11 14:18:01
23782,2015-11-11 15:18:01
23788,2015-11-11 16:18:01
23794,2015-11-11 17:18:01
23800,2015-11-11 18:18:01
23806,2015-11-11 19:18:01
23812,2015-11-11 20:18:01
23818,2015-11-11 21:18:01
23824,2015-11-11 22:18:01
23830,2015-11-11 23:18:01
23836,2015-11-12 00:18:01
23842,2015-11-12 01:18:01
23848,2015-11-12 02:18:01
23854,2015-11-12 03:18:01
23860,2015-11-12 04:18:01
23866,2015-11-12 05:18:01
23872,2015-11-12 06:18:01
23878,2015-11-12 07:18:01
23884,2015-11-12 08:18:01
23890,2015-11-12 09:18:01
23896,2015-11-12 10:18:01
23902,2015-11-12 11:18:01
23908,2015-11-12 12:18:01
23914,2015-11-12 13:18:01
23920,2015-11-12 14:18:01
23926,2015-11-12 15:18:01
23932,2015-11-12 16:18:01
23938,2015-11-12 17:18:01
23944,2015-11-12 18:18:01
23950,2015-11-12 19:18:01
23956,2015-11-12 20:18:01
23962,2015-11-12 21:18:01
23968,2015-11-12 22:18:01
23974,2015-11-12 23:18:01
23980,2015-11-13 00:18:01
23986,2015-11-13 01:18:01
23992,2015-11-13 02:18:01
23998,2015-11-13 03:18:01
24004,2015-11-13 04:18:01
24010,2015-11-13 05:18:01
24016,2015-11-13 06:18:01
24022,2015-11-13 07:18:01
24028,2015-11-13 08:18:01
24034,2015-11-13 09:18:01
24040,2015-11-13 10:18:01
24046,2015-11-13 11:18:01
24052,2015-11-13 12:18:01
24058,2015-11-13 13:18:01
24064,2015-11-13 14:18:01
24070,2015-11-13 15:18:01
24076,2015-11-13 16:18:01
24082,2015-11-13 17:18:01
24088,2015-11-13 18:18:01
24094,2015-11-13 19:18:01
24100,2015-11-13 20:18:01
24106,2015-11-13 21:18:01
24112,2015-11-13 22:18:01
24118,2015-11-13 23:18:01
24124,2015-11-14 00:18:01
24130,2015-11-14 01:18:01
24136,2015-11-14 02:18:01
24142,2015-11-14 03:18:01
24148,2015-11-14 04:18:01
24154,2015-11-14 05:18:01
24160,2015-11-14 06:18:01
24166,2015-11-14 07:18:01
24172,2015-11-14 08:18:01
24178,2015-11-14 09:18:01
24184,2015-11-14 10:18:01
24190,2015-11-14 11:18:01
24196,2015-11-14 12:18:01
24202,2015-11-14 13:18:01
24208,2015-11-14 14:18:01
24214,2015-11-14 15:18:01
24220,2015-11-14 16:18:01
24226,2015-11-14 17:18:01
24232,2015-11-14 18:18:01
24238,2015-11-14 19:18:01
24244,2015-11-14 20:18:01
24250,2015-11-14 21:18:01
24256,2015-11-14 22:18:01
24262,2015-11-14 23:18:01
24268,2015-11-15 00:18:01
24274,2015-11-15 01:18:01
24280,2015-11-15 02:18:01
24286,2015-11-15 03:18:01
24292,2015-11-15 04:18:01
24298,2015-11-15 05:18:01
24304,2015-11-15 06:18:01
24310,2015-11-15 07:18:01
24316,2015-11-15 08:18:01
24322,2015-11-15 09:18:01
24328,2015-11-15 10:18:01
24334,2015-11-15 11:18:01
24340,2015-11-15 12:18:01
24346,2015-11-15 13:18:01
24352,2015-11-15 14:18:01
24358,2015-11-15 15:18:01
24364,2015-11-15 16:18:01
24370,2015-11-15 17:18:01
24376,2015-11-15 18:18:01
24382,2015-11-15 19:18:01
24388,2015-11-15 20:18:01
24394,2015-11-15 21:18:01
24400,2015-11-15 22:18:01
24406,2015-11-15 23:18:01
24412,2015-11-16 00:18:01
24418,2015-11-16 01:18:01
24424,2015-11-16 02:18:01
24430,2015-11-16 03:18:01
24436,2015-11-16 04:18:01
24442,2015-11-16 05:18:01
24448,2015-11-16 06:18:01
24454,2015-11-16 07:18:01
24460,2015-11-16 08:18:01
24466,2015-11-16 09:18:01
24472,2015-11-16 10:18:01
24478,2015-11-16 11:18:01
24484,2015-11-16 12:18:01
24490,2015-11-16 13:18:01
24496,2015-11-16 14:18:01
24502,2015-11-16 15:18:01
24508,2015-11-16 16:18:01
24514,2015-11-16 17:18:01
24520,2015-11-16 18:18:01
24526,2015-11-16 19:18:01
24532,2015-11-16 20:18:01
24538,2015-11-16 21:18:01
24544,2015-11-16 22:18:01
24550,2015-11-16 23:18:01
24556,2015-11-17 00:18:01
24562,2015-11-17 01:18:01
24568,2015-11-17 02:18:01
24574,2015-11-17 03:18:01
24580,2015-11-17 04:18:01
24586,2015-11-17 05:18:01
24592,2015-11-17 06:18:01
24598,2015-11-17 07:18:01
24604,2015-11-17 08:18:01
24610,2015-11-17 09:18:01
24616,2015-11-17 10:18:01
24622,2015-11-17 11:18:01
24628,2015-11-17 12:18:01
24634,2015-11-17 13:18:01
24640,2015-11-17 14:18:01
24646,2015-11-17 15:18:01
24652,2015-11-17 16:18:01
24658,2015-11-17 17:18:01
24664,2015-11-17 18:18:01
24670,2015-11-17 19:18:01
24676,2015-11-17 20:18:01
24682,2015-11-17 21:18:01
24688,2015-11-17 22:18:01
24694,2015-11-17 23:18:01
24700,2015-11-18 00:18:01
24706,2015-11-18 01:18:01
24712,2015-11-18 02:18:01
24718,2015-11-18 03:18:01
24724,2015-11-18 04:18:01
24730,2015-11-18 05:18:01
24736,2015-11-18 06:18:01
24742,2015-11-18 07:18:01
24748,2015-11-18 08:18:01
24754,2015-11-18 09:18:01
24760,2015-11-18 10:18:01
24766,2015-11-18 11:18:01
24772,2015-11-18 12:18:01
24778,2015-11-18 13:18:01
24784,2015-11-18 14:18:01
24790,2015-11-18 15:18:01
24796,2015-11-18 16:18:01
24802,2015-11-18 17:18:01
24808,2015-11-18 18:18:01
24814,2015-11-18 19:18:01
24820,2015-11-18 20:18:01
24826,2015-11-18 21:18:01
24832,2015-11-18 22:18:01
24838,2015-11-18 23:18:01
24844,2015-11-19 00:18:01
24850,2015-11-19 01:18:01
24856,2015-11-19 02:18:01
24862,2015-11-19 03:18:01
24868,2015-11-19 04:18:01
24874,2015-11-19 05:18:01
24880,2015-11-19 06:18:01
24886,2015-11-19 07:18:01
24892,2015-11-19 08:18:01
24898,2015-11-19 09:18:01
24904,2015-11-19 10:18:01
24910,2015-11-19 11:18:01
24916,2015-11-19 12:18:01
24922,2015-11-19 13:18:01
24928,2015-11-19 14:18:01
24934,2015-11-19 15:18:01
24940,2015-11-19 16:18:01
24946,2015-11-19 17:18:01
24952,2015-11-19 18:18:01
24958,2015-11-19 19:18:01
24964,2015-11-19 20:18:01
24970,2015-11-19 21:18:01
24976,2015-11-19 22:18:01
24982,2015-11-19 23:18:01
24988,2015-11-20 00:18:01
24994,2015-11-20 01:18:01
25000,2015-11-20 02:18:01
25006,2015-11-20 03:18:01
25012,2015-11-20 04:18:01
25018,2015-11-20 05:18:01
25024,2015-11-20 06:18:01
25030,2015-11-20 07:18:01
25036,2015-11-20 08:18:01
25042,2015-11-20 09:18:01
25048,2015-11-20 10:18:01
25054,2015-11-20 11:18:01
25060,2015-11-20 12:18:01
25066,2015-11-20 13:18:01
25072,2015-11-20 14:18:01
25078,2015-11-20 15:18:01
25084,2015-11-20 16:18:01
25090,2015-11-20 17:18:01
25096,2015-11-20 18:18:01
25102,2015-11-20 19:18:01
25108,2015-11-20 20:18:01
25114,2015-11-20 21:18:01
25120,2015-11-20 22:18:01
25126,2015-11-20 23:18:01
25132,2015-11-21 00:18:01
25138,2015-11-21 01:18:01
25144,2015-11-21 02:18:01
25150,2015-11-21 03:18:01
25156,2015-11-21 04:18:01
25162,2015-11-21 05:18:01
25168,2015-11-21 06:18:01
25174,2015-11-21 07:18:01
25180,2015-11-21 08:18:01
25186,2015-11-21 09:18:01
25192,2015-11-21 10:18:01
25198,2015-11-21 11:18:01
25204,2015-11-21 12:18:01
25210,2015-11-21 13:18:01
25216,2015-11-21 14:18:01
25222,2015-11-21 15:18:01
25228,2015-11-21 16:18:01
25234,2015-11-21 17:18:01
25240,2015-11-21 18:18:01
25246,2015-11-21 19:18:01
25252,2015-11-21 20:18:01
25258,2015-11-21 21:18:01
25264,2015-11-21 22:18:01
25270,2015-11-21 23:18:01
25276,2015-11-22 00:18:01
25282,2015-11-22 01:18:01
25288,2015-11-22 02:18:01
25294,2015-11-22 03:18:01
25300,2015-11-22 04:18:01
25306,2015-11-22 05:18:01
25312,2015-11-22 06:18:01
25318,2015-11-22 07:18:01
25324,2015-11-22 08:18:01
25330,2015-11-22 09:18:01
25336,2015-11-22 10:18:01
25342,2015-11-22 11:18:01
25348,2015-11-22 12:18:01
25354,2015-11-22 13:18:01
25360,2015-11-22 14:18:01
25366,2015-11-22 15:18:01
25372,2015-11-22 16:18:01
25378,2015-11-22 17:18:01
25384,2015-11-22 18:18:01
25390,2015-11-22 19:18:01
25396,2015-11-22 20:18:01
25402,2015-11-22 21:18:01
25408,2015-11-22 22:18:01
25414,2015-11-22 23:18:01
25420,2015-11-23 00:18:01
25426,2015-11-23 01:18:01
25432,2015-11-23 02:18:01
25438,2015-11-23 03:18:01
25444,2015-11-23 04:18:01
25450,2015-11-23 05:18:01
25456,2015-11-23 06:18:01
25462,2015-11-23 07:18:01
25468,2015-11-23 08:18:01
25474,2015-11-23 09:18:01
25480,2015-11-23 10:18:01
25486,2015-11-23 11:18:01
25492,2015-11-23 12:18:01
25498,2015-11-23 13:18:01
25504,2015-11-23 14:18:01
25510,2015-11-23 15:18:01
25516,2015-11-23 16:18:01
25522,2015-11-23 17:18:01
25528,2015-11-23 18:18:01
25534,2015-11-23 19:18:01
25540,2015-11-23 20:18:01
25546,2015-11-23 21:18:01
25552,2015-11-23 22:18:01
25558,2015-11-23 23:18:01
25564,2015-11-24 00:18:01
25570,2015-11-24 01:18:01
25576,2015-11-24 02:18:01
25582,2015-11-24 03:18:01
25588,2015-11-24 04:18:01
25594,2015-11-24 05:18:01
25600,2015-11-24 06:18:01
25606,2015-11-24 07:18:01
25612,2015-11-24 08:18:01
25618,2015-11-24 09:18:01
25624,2015-11-24 10:18:01
25630,2015-11-24 11:18:01
25636,2015-11-24 12:18:01
25642,2015-11-24 13:18:01
25648,2015-11-24 14:18:01
25654,2015-11-24 15:18:01
25660,2015-11-24 16:18:01
25666,2015-11-24 17:18:01
25672,2015-11-24 18:18:01
25678,2015-11-24 19:18:01
25684,2015-11-24 20:18:01
25690,2015-11-24 21:18:01
25696,2015-11-24 22:18:01
25702,2015-11-24 23:18:01
25708,2015-11-25 00:18:01
25714,2015-11-25 01:18:01
25720,2015-11-25 02:18:01
25726,2015-11-25 03:18:01
25732,2015-11-25 04:18:01
25738,2015-11-25 05:18:01
25744,2015-11-25 06:18:01
25750,2015-11-25 07:18:01
25756,2015-11-25 08:18:01
25762,2015-11-25 09:18:01
25768,2015-11-25 10:18:01
25774,2015-11-25 11:18:01
25780,2015-11-25 12:18:01
25786,2015-11-25 13:18:01
25792,2015-11-25 14:18:01
25798,2015-11-25 15:18:01
25804,2015-11-25 16:18:01
25810,2015-11-25 17:18:01
25816,2015-11-25 18:18:01
25822,2015-11-25 19:18:01
25828,2015-11-25 20:18:01
25834,2015-11-25 21:18:01
25840,2015-11-25 22:18:01
25846,2015-11-25 23:18:01
25852,2015-11-26 00:18:01
25858,2015-11-26 01:18:01
25864,2015-11-26 02:18:01
25870,2015-11-26 03:18:01
25876,2015-11-26 04:18:01
25882,2015-11-26 05:18:01
25888,2015-11-26 06:18:01
25894,2015-11-26 07:18:01
25900,2015-11-26 08:18:01
25906,2015-11-26 09:18:01
25912,2015-11-26 10:18:01
25918,2015-11-26 11:18:01
25924,2015-11-26 12:18:01
25930,2015-11-26 13:18:01
25936,2015-11-26 14:18:01
25942,2015-11-26 15:18:01
25948,2015-11-26 16:18:01
25954,2015-11-26 17:18:01
25960,2015-11-26 18:18:01
25966,2015-11-26 19:18:01
25972,2015-11-26 20:18:01
25978,2015-11-26 21:18:01
25984,2015-11-26 22:18:01
25990,2015-11-26 23:18:01
25996,2015-11-27 00:18:01
26002,2015-11-27 01:18:01
26008,2015-11-27 02:18:01
26014,2015-11-27 03:18:01
26020,2015-11-27 04:18:01
26026,2015-11-27 05:18:01
26032,2015-11-27 06:18:01
26038,2015-11-27 07:18:01
26044,2015-11-27 08:18:01
26050,2015-11-27 09:18:01
26056,2015-11-27 10:18:01
26062,2015-11-27 11:18:01
26068,2015-11-27 12:18:01
26074,2015-11-27 13:18:01
26080,2015-11-27 14:18:01
26086,2015-11-27 15:18:01
26092,2015-11-27 16:18:01
26098,2015-11-27 17:18:01
26104,2015-11-27 18:18:01
26110,2015-11-27 19:18:01
26116,2015-11-27 20:18:01
26122,2015-11-27 21:18:01
26128,2015-11-27 22:18:01
26134,2015-11-27 23:18:01
26140,2015-11-28 00:18:01
26146,2015-11-28 01:18:01
26152,2015-11-28 02:18:01
26158,2015-11-28 03:18:01
26164,2015-11-28 04:18:01
26170,2015-11-28 05:18:01
26176,2015-11-28 06:18:01
26182,2015-11-28 07:18:01
26188,2015-11-28 08:18:01
26194,2015-11-28 09:18:01
26200,2015-11-28 10:18:01
26206,2015-11-28 11:18:01
26212,2015-11-28 12:18:01
26218,2015-11-28 13:18:01
26224,2015-11-28 14:18:01
26230,2015-11-28 15:18:01
26236,2015-11-28 16:18:01
26242,2015-11-28 17:18:01
26248,2015-11-28 18:18:01
26254,2015-11-28 19:18:01
26260,2015-11-28 20:18:01
26266,2015-11-28 21:18:01
26272,2015-11-28 22:18:01
26278,2015-11-28 23:18:01
26284,2015-11-29 00:18:01
26290,2015-11-29 01:18:01
26296,2015-11-29 02:18:01
26302,2015-11-29 03:18:01
26308,2015-11-29 04:18:01
26314,2015-11-29 05:18:01
26320,2015-11-29 06:18:01
26326,2015-11-29 07:18:01
26332,2015-11-29 08:18:01
26338,2015-11-29 09:18:01
26344,2015-11-29 10:18:01
26350,2015-11-29 11:18:01
26356,2015-11-29 12:18:01
26362,2015-11-29 13:18:01
26368,2015-11-29 14:18:01
26374,2015-11-29 15:18:01
26380,2015-11-29 16:18:01
26386,2015-11-29 17:18:01
26392,2015-11-29 18:18:01
26398,2015-11-29 19:18:01
26404,2015-11-29 20:18:01
26410,2015-11-29 21:18:01
26416,2015-11-29 22:18:01
26422,2015-11-29 23:18:01
26428,2015-11-30 00:18:01
26434,2015-11-30 01:18:01
26440,2015-11-30 02:18:01
26446,2015-11-30 03:18:01
26452,2015-11-30 04:18:01
26458,2015-11-30 05:18:01
26464,2015-11-30 06:18:01
26470,2015-11-30 07:18:01
26476,2015-11-30 08:18:01
26482,2015-11-30 09:18:01
26488,2015-11-30 10:18:01
26494,2015-11-30 11:18:01
26500,2015-11-30 12:18:01
26506,2015-11-30 13:18:01
26512,2015-11-30 14:18:01
26518,2015-11-30 15:18:01
26524,2015-11-30 16:18:01
26530,2015-11-30 17:18:01
26536,2015-11-30 18:18:01
26542,2015-11-30 19:18:01
26548,2015-11-30 20:18:01
26554,2015-11-30 21:18:01
26560,2015-11-30 22:18:01
26566,2015-11-30 23:18:01
26572,2015-12-01 00:18:01
26578,2015-12-01 01:18:01
26584,2015-12-01 02:18:01
26590,2015-12-01 03:18:01
26596,2015-12-01 04:18:01
26602,2015-12-01 05:18:01
26608,2015-12-01 06:18:01
26614,2015-12-01 07:18:01
26620,2015-12-01 08:18:01
26626,2015-12-01 09:18:01
26632,2015-12-01 10:18:01
26638,2015-12-01 11:18:01
26644,2015-12-01 12:18:01
26650,2015-12-01 13:18:01
26656,2015-12-01 14:18:01
